id,checking,duration,history,purpose,amount,savings,employed,installp,marital,coapp,resident,property,age,other,housing,existcr,job,depends,telephon,foreign,good_bad,checkingstr,historystr
2,2,48,2,3,5951,1,3,2,2,1,2,1,22,3,2,1,3,1,1,1,1,jiaoche,CHN
3,4,12,4,6,2096,1,4,2,3,1,3,1,49,3,2,1,2,2,1,1,0,zixingche,GER
4,1,42,2,2,7882,1,4,2,3,3,4,2,45,3,3,1,3,2,1,1,0,kache,CHN
5,1,24,3,0,4870,1,3,3,3,1,4,4,53,3,3,2,3,2,1,1,1,kache,JPN
6,4,36,2,6,9055,5,3,2,3,1,4,4,35,3,3,1,2,2,2,1,0,zixingche,CHN
7,4,24,2,2,2835,3,5,3,3,1,4,2,53,3,2,1,3,1,1,1,0,zixingche,CHN
8,2,36,2,1,6948,1,3,2,3,1,2,3,35,3,1,1,4,1,2,1,0,jiaoche,CHN
9,4,12,2,3,3059,4,4,2,1,1,4,1,61,3,2,1,2,1,1,1,0,zixingche,CHN
10,2,30,4,0,5234,1,1,4,4,1,2,3,28,3,2,2,4,1,1,1,1,jiaoche,GER
11,2,12,2,0,1295,1,2,3,2,1,1,3,25,3,1,1,3,1,1,1,1,jiaoche,CHN
12,1,48,2,9,4308,1,2,3,2,1,4,2,24,3,1,1,3,1,1,1,1,kache,CHN
13,2,12,2,3,1567,1,3,1,2,1,1,3,22,3,2,1,3,1,2,1,0,jiaoche,CHN
14,1,24,4,0,1199,1,5,4,3,1,4,3,60,3,2,2,2,1,1,1,1,kache,GER
15,1,15,2,0,1403,1,3,2,2,1,4,3,28,3,1,1,3,1,1,1,0,kache,CHN
16,1,24,2,3,1282,2,3,4,2,1,2,3,32,3,2,1,2,1,1,1,1,kache,CHN
17,4,24,4,3,2424,5,5,4,3,1,4,2,53,3,2,2,3,1,1,1,0,zixingche,GER
18,1,30,0,9,8072,5,2,2,3,1,3,3,25,1,2,3,3,1,1,1,0,kache,KOR
19,2,24,2,1,12579,1,5,4,2,1,2,4,44,3,3,1,4,1,2,1,1,jiaoche,CHN
20,4,24,2,3,3430,3,5,3,3,1,2,3,31,3,2,1,3,2,2,1,0,zixingche,CHN
21,4,9,4,0,2134,1,3,4,3,1,4,3,48,3,2,3,3,1,2,1,0,zixingche,GER
22,1,6,2,3,2647,3,3,2,3,1,3,1,44,3,1,1,3,2,1,1,0,kache,CHN
23,1,10,4,0,2241,1,2,1,3,1,3,1,48,3,1,2,2,2,1,2,0,kache,GER
24,2,12,4,1,1804,2,2,3,3,1,4,2,44,3,2,1,3,1,1,1,0,jiaoche,GER
25,4,10,4,2,2069,5,3,2,4,1,1,3,26,3,2,2,3,1,1,2,0,zixingche,GER
26,1,6,2,2,1374,1,3,1,3,1,2,1,36,1,2,1,2,1,2,1,0,kache,CHN
27,4,6,0,3,426,1,5,4,4,1,4,3,39,3,2,1,2,1,1,1,0,zixingche,KOR
28,3,12,1,3,409,4,3,3,2,1,3,1,42,3,1,2,3,1,1,1,0,motuoche,USA
29,2,7,2,3,2415,1,3,3,3,3,2,1,34,3,2,1,3,1,1,1,0,jiaoche,CHN
30,1,60,3,9,6836,1,5,3,3,1,4,4,63,3,2,2,3,1,2,1,1,kache,JPN
31,2,18,2,9,1913,4,2,3,4,1,3,1,36,1,2,1,3,1,2,1,0,jiaoche,CHN
32,1,24,2,2,4020,1,3,2,3,1,2,3,27,2,2,1,3,1,1,1,0,kache,CHN
33,2,18,2,0,5866,2,3,2,3,1,2,3,30,3,2,2,3,1,2,1,0,jiaoche,CHN
34,4,12,4,9,1264,5,5,4,3,1,4,4,57,3,1,1,2,1,1,1,0,zixingche,GER
35,3,12,2,2,1474,1,2,4,2,1,1,2,33,1,2,1,4,1,2,1,0,motuoche,CHN
36,2,45,4,3,4746,1,2,4,3,1,2,2,25,3,2,2,2,1,1,1,1,jiaoche,GER
37,4,48,4,6,6110,1,3,1,3,1,3,4,31,1,3,1,3,1,2,1,0,zixingche,GER
38,3,18,2,3,2100,1,3,4,3,2,2,1,37,2,2,1,3,1,1,1,1,motuoche,CHN
39,3,10,2,4,1225,1,3,2,3,1,2,3,37,3,2,1,3,1,2,1,0,motuoche,CHN
40,2,9,2,3,458,1,3,4,3,1,3,1,24,3,2,1,3,1,1,1,0,jiaoche,CHN
41,4,30,2,3,2333,3,5,4,3,1,2,3,30,1,2,1,4,1,1,1,0,zixingche,CHN
42,2,12,2,3,1158,3,3,3,1,1,1,3,26,3,2,1,3,1,2,1,0,jiaoche,CHN
43,2,18,3,5,6204,1,3,2,3,1,4,1,44,3,2,1,2,2,2,1,0,jiaoche,JPN
44,1,30,4,1,6187,2,4,1,4,1,4,3,24,3,1,2,3,1,1,1,0,kache,GER
45,1,48,4,1,6143,1,5,4,2,1,4,4,58,2,3,2,2,1,1,1,1,kache,GER
46,4,11,4,0,1393,1,2,4,2,1,4,3,35,3,2,2,4,1,1,1,0,zixingche,GER
47,4,36,2,3,2299,3,5,4,3,1,4,3,39,3,2,1,3,1,1,1,0,zixingche,CHN
48,1,6,2,1,1352,3,1,1,2,1,2,2,23,3,1,1,1,1,2,1,0,kache,CHN
49,4,11,4,0,7228,1,3,1,3,1,4,2,39,3,2,2,2,1,1,1,0,zixingche,GER
50,4,12,2,3,2073,2,3,4,2,2,2,1,28,3,2,1,3,1,1,1,0,zixingche,CHN
51,2,24,3,2,2333,5,2,4,3,1,2,2,29,1,2,1,2,1,1,1,0,jiaoche,JPN
52,2,27,3,1,5965,1,5,1,3,1,2,3,30,3,2,2,4,1,2,1,0,jiaoche,JPN
53,4,12,2,3,1262,1,3,3,3,1,2,3,25,3,2,1,3,1,1,1,0,zixingche,CHN
54,4,18,2,1,3378,5,3,2,3,1,1,2,31,3,2,1,3,1,2,1,0,zixingche,CHN
55,2,36,3,0,2225,1,5,4,3,1,4,4,57,1,3,2,3,1,2,1,1,jiaoche,JPN
56,4,6,1,0,783,5,3,1,3,3,2,1,26,2,2,1,2,2,1,1,0,zixingche,USA
57,2,12,2,3,6468,5,1,2,3,1,1,4,52,3,2,1,4,1,2,1,1,jiaoche,CHN
58,4,36,4,3,9566,1,3,2,2,1,2,3,31,2,2,2,3,1,1,1,0,zixingche,GER
59,3,18,2,0,1961,1,5,3,2,1,2,3,23,3,2,1,4,1,1,1,0,motuoche,CHN
60,1,36,4,2,6229,1,2,4,2,2,4,4,23,3,1,2,2,1,2,1,1,kache,GER
61,2,9,2,9,1391,1,3,2,4,1,1,1,27,1,2,1,3,1,2,1,0,jiaoche,CHN
62,2,15,4,3,1537,5,5,4,3,3,4,1,50,3,2,2,3,1,2,1,0,jiaoche,GER
63,2,36,0,9,1953,1,5,4,3,1,4,4,61,3,3,1,4,1,2,1,1,jiaoche,KOR
64,2,48,0,9,14421,1,3,2,3,1,2,3,25,3,2,1,3,1,2,1,1,jiaoche,KOR
65,4,24,2,3,3181,1,2,4,2,1,4,2,26,3,2,1,3,1,2,1,0,zixingche,CHN
66,4,27,2,5,5190,5,5,4,3,1,4,2,48,3,2,4,3,2,2,1,0,zixingche,CHN
67,4,12,2,3,2171,1,2,2,2,1,2,3,29,1,2,1,3,1,1,1,0,zixingche,CHN
68,2,12,2,0,1007,4,3,4,4,1,1,1,22,3,2,1,3,1,1,1,0,jiaoche,CHN
69,4,36,2,6,1819,1,3,4,3,1,4,4,37,2,3,1,3,1,2,1,1,zixingche,CHN
70,4,36,2,3,2394,5,3,4,2,1,4,3,25,3,2,1,3,1,1,1,0,zixingche,CHN
71,4,36,2,1,8133,1,3,1,2,1,2,2,30,1,2,1,3,1,1,1,0,zixingche,CHN
72,4,7,4,3,730,5,5,4,3,1,2,2,46,3,1,2,2,1,2,1,0,zixingche,GER
73,1,8,4,X,1164,1,5,3,3,1,4,4,51,1,3,2,4,2,2,1,0,kache,GER
74,2,42,4,9,5954,1,4,2,2,1,1,1,41,1,2,2,2,1,1,1,0,jiaoche,GER
75,1,36,2,6,1977,5,5,4,3,1,4,4,40,3,2,1,4,1,2,1,1,kache,CHN
76,1,12,4,1,1526,1,5,4,3,1,4,4,66,3,3,2,4,1,1,1,0,kache,GER
77,1,42,2,3,3965,1,2,4,3,1,3,3,34,3,2,1,3,1,1,1,1,kache,CHN
78,2,11,3,3,4771,1,4,2,3,1,4,2,51,3,2,1,3,1,1,1,0,jiaoche,JPN
79,4,54,0,1,9436,5,3,2,3,1,2,2,39,3,2,1,2,2,1,1,0,zixingche,KOR
80,2,30,2,2,3832,1,2,2,4,1,1,2,22,3,2,1,3,1,1,1,0,jiaoche,CHN
81,4,24,2,3,5943,5,2,1,2,1,1,3,44,3,2,2,3,1,2,1,1,zixingche,CHN
82,4,15,2,3,1213,3,5,4,3,1,3,2,47,2,2,1,3,1,2,1,0,zixingche,CHN
83,4,18,2,9,1568,2,3,3,2,1,4,2,24,3,1,1,2,1,1,1,0,zixingche,CHN
84,1,24,2,X,1755,1,5,4,2,3,4,1,58,3,2,1,2,1,2,1,0,kache,CHN
85,1,10,2,3,2315,1,5,3,3,1,4,1,52,3,2,1,2,1,1,1,0,kache,CHN
86,4,12,4,9,1412,1,3,4,2,3,2,1,29,3,2,2,4,1,2,1,0,zixingche,GER
87,2,18,4,2,1295,1,2,4,2,1,1,2,27,3,2,2,3,1,1,1,0,jiaoche,GER
88,2,36,2,6,12612,2,3,1,3,1,4,4,47,3,3,1,3,2,2,1,1,jiaoche,CHN
89,1,18,2,0,2249,2,4,4,3,1,3,3,30,3,2,1,4,2,2,1,0,kache,CHN
90,1,12,0,5,1108,1,4,4,3,1,3,1,28,3,2,2,3,1,1,1,1,kache,KOR
91,4,12,4,3,618,1,5,4,3,1,4,1,56,3,2,1,3,1,1,1,0,zixingche,GER
92,1,12,4,1,1409,1,5,4,3,1,3,1,54,3,2,1,3,1,1,1,0,kache,GER
93,4,12,4,3,797,5,5,4,2,1,3,2,33,1,2,1,2,2,1,1,1,zixingche,GER
94,3,24,4,2,3617,5,5,4,3,2,4,4,20,3,1,2,3,1,1,1,0,motuoche,GER
95,2,12,2,0,1318,4,5,4,3,1,4,1,54,3,2,1,3,1,2,1,0,jiaoche,CHN
96,2,54,0,9,15945,1,2,3,3,1,4,4,58,3,1,1,3,1,2,1,1,jiaoche,KOR
97,4,12,4,6,2012,5,4,4,2,1,2,3,61,3,2,1,3,1,1,1,0,zixingche,GER
98,2,18,2,9,2622,2,3,4,3,1,4,3,34,3,2,1,3,1,1,1,0,jiaoche,CHN
99,2,36,4,3,2337,1,5,4,3,1,4,1,36,3,2,1,3,1,1,1,0,jiaoche,GER
100,2,20,3,1,7057,5,4,3,3,1,4,2,36,1,1,2,4,2,2,1,0,jiaoche,JPN
101,4,24,2,0,1469,2,5,4,4,1,4,1,41,3,1,1,2,1,1,1,0,zixingche,CHN
102,2,36,2,3,2323,1,4,4,3,1,4,3,24,3,1,1,3,1,1,1,0,jiaoche,CHN
103,4,6,3,3,932,1,3,3,2,1,2,1,24,3,2,1,3,1,1,1,0,zixingche,JPN
104,2,9,4,2,1919,1,4,4,3,1,3,3,35,3,1,1,3,1,2,1,0,jiaoche,GER
105,4,12,2,1,2445,5,2,2,4,1,4,3,26,3,1,1,3,1,2,1,0,zixingche,CHN
106,2,24,4,X,11938,1,3,2,3,2,3,3,39,3,2,2,4,2,2,1,1,jiaoche,GER
107,4,18,1,0,6458,1,5,2,3,1,4,4,39,1,2,2,4,2,2,1,1,zixingche,USA
108,2,12,2,0,6078,1,4,2,3,1,2,3,32,3,2,1,3,1,1,1,0,jiaoche,CHN
109,1,24,2,2,7721,5,2,1,2,1,2,2,30,3,2,1,3,1,2,2,0,kache,CHN
110,2,14,2,9,1410,3,5,1,4,1,2,1,35,3,2,1,3,1,2,1,0,jiaoche,CHN
111,2,6,3,9,1449,2,5,1,1,1,2,3,31,1,2,2,3,2,1,1,0,jiaoche,JPN
112,3,15,2,6,392,1,2,4,2,1,4,2,23,3,1,1,3,1,2,1,0,motuoche,CHN
113,2,18,2,0,6260,1,4,3,3,1,3,1,28,3,1,1,2,1,1,1,0,jiaoche,CHN
114,4,36,4,0,7855,1,3,4,2,1,2,1,25,2,2,2,3,1,2,1,1,zixingche,GER
115,1,12,2,3,1680,3,5,3,4,1,1,1,35,3,2,1,3,1,1,1,0,kache,CHN
116,4,48,4,3,3578,5,5,4,3,1,1,1,47,3,2,1,3,1,2,1,0,zixingche,GER
117,1,42,2,3,7174,5,4,4,2,1,3,3,30,3,2,1,4,1,2,1,1,kache,CHN
118,1,10,4,2,2132,5,2,2,2,2,3,1,27,3,1,2,3,1,1,2,0,kache,GER
119,1,33,4,2,4281,3,3,1,2,1,4,3,23,3,2,2,3,1,1,1,1,kache,GER
120,2,12,4,0,2366,3,4,3,1,1,3,3,36,3,2,1,4,1,2,1,0,jiaoche,GER
121,1,21,2,3,1835,1,3,3,2,1,2,1,25,3,2,2,3,1,2,1,1,kache,CHN
122,4,24,4,1,3868,1,5,4,2,1,2,3,41,3,1,2,4,1,2,1,0,zixingche,GER
123,4,12,2,2,1768,1,3,3,3,1,2,1,24,3,1,1,2,1,1,1,0,zixingche,CHN
124,3,10,4,0,781,1,5,4,3,1,4,4,63,3,3,2,3,1,2,1,0,motuoche,GER
125,2,18,2,2,1924,5,2,4,2,1,3,1,27,3,1,1,3,1,1,1,1,jiaoche,CHN
126,1,12,4,0,2121,1,3,4,3,1,2,2,30,3,2,2,3,1,1,1,0,kache,GER
127,1,12,2,3,701,1,3,4,4,1,2,1,40,3,2,1,2,1,1,1,0,kache,CHN
128,2,12,2,5,639,1,3,4,3,1,2,3,30,3,2,1,3,1,1,1,1,jiaoche,CHN
129,2,12,4,1,1860,1,1,4,3,1,2,3,34,3,2,2,4,1,2,1,0,jiaoche,GER
130,1,12,4,0,3499,1,3,3,2,2,2,1,29,3,2,2,3,1,1,1,1,kache,GER
131,2,48,2,0,8487,5,4,1,2,1,2,3,24,3,2,1,3,1,1,1,0,jiaoche,CHN
132,1,36,3,6,6887,1,3,4,3,1,3,2,29,2,2,1,3,1,2,1,1,kache,JPN
133,4,15,2,2,2708,1,2,2,3,1,3,2,27,1,2,2,2,1,1,1,0,zixingche,CHN
134,4,18,2,2,1984,1,3,4,3,1,4,4,47,1,3,2,3,1,1,1,0,zixingche,CHN
135,4,60,2,3,10144,2,4,2,2,1,4,1,21,3,2,1,3,1,2,1,0,zixingche,CHN
136,4,12,4,3,1240,5,5,4,2,1,2,1,38,3,2,2,3,1,2,1,0,zixingche,GER
137,4,27,3,1,8613,4,3,2,3,1,2,3,27,3,2,2,3,1,1,1,0,zixingche,JPN
138,2,12,2,3,766,3,3,4,3,1,3,1,66,3,2,1,2,1,1,1,1,jiaoche,CHN
139,2,15,4,3,2728,5,4,4,3,3,2,1,35,1,2,3,3,1,2,1,0,jiaoche,GER
140,3,12,2,3,1881,1,3,2,2,1,2,3,44,3,1,1,2,1,2,1,0,motuoche,CHN
141,3,6,2,0,709,4,2,2,4,1,2,1,27,3,2,1,1,1,1,2,0,motuoche,CHN
142,2,36,2,3,4795,1,2,4,2,1,1,4,30,3,2,1,4,1,2,1,0,jiaoche,CHN
143,1,27,2,3,3416,1,3,3,3,1,2,3,27,3,2,1,4,1,1,1,0,kache,CHN
144,1,18,2,2,2462,1,3,2,3,1,2,3,22,3,2,1,3,1,1,1,1,kache,CHN
145,4,21,4,2,2288,1,2,4,2,1,4,2,23,3,2,1,3,1,2,1,0,zixingche,GER
146,2,48,1,9,3566,2,4,4,3,1,2,3,30,3,2,1,3,1,1,1,0,jiaoche,USA
147,1,6,4,0,860,1,5,1,2,1,4,4,39,3,2,2,3,1,2,1,0,kache,GER
148,4,12,4,0,682,2,4,4,2,1,3,3,51,3,2,2,3,1,2,1,0,zixingche,GER
149,1,36,4,2,5371,1,3,3,3,3,2,2,28,3,2,2,3,1,1,1,0,kache,GER
150,4,18,4,3,1582,4,5,4,3,1,4,3,46,3,2,2,3,1,1,1,0,zixingche,GER
151,4,6,2,3,1346,2,5,2,3,1,4,4,42,1,3,1,3,2,2,1,0,zixingche,CHN
152,4,10,2,3,1924,1,3,1,3,1,4,2,38,3,2,1,3,1,2,2,0,zixingche,CHN
153,3,36,2,3,5848,1,3,4,3,1,1,3,24,3,2,1,3,1,1,1,0,motuoche,CHN
154,2,24,4,1,7758,4,5,2,2,1,4,4,29,3,1,1,3,1,1,1,0,jiaoche,GER
155,2,24,3,9,6967,2,4,4,3,1,4,3,36,3,1,1,4,1,2,1,0,jiaoche,JPN
156,1,12,2,2,1282,1,3,2,2,1,4,3,20,3,1,1,3,1,1,1,1,kache,CHN
157,1,9,4,5,1288,2,5,3,3,3,4,1,48,3,2,2,3,2,1,2,0,kache,GER
158,1,12,1,8,339,1,5,4,4,1,1,3,45,1,2,1,2,1,1,1,0,kache,USA
159,2,24,2,0,3512,2,4,2,3,1,3,3,38,1,2,2,3,1,2,1,0,jiaoche,CHN
160,4,6,4,3,1898,5,3,1,3,1,2,1,34,3,2,2,2,2,1,1,0,zixingche,GER
161,4,24,4,3,2872,2,5,3,3,1,4,1,36,3,2,1,3,2,2,1,0,zixingche,GER
162,4,18,4,0,1055,1,2,4,2,1,1,2,30,3,2,2,3,1,1,1,0,zixingche,GER
163,4,15,2,4,1262,3,4,4,3,1,3,2,36,3,2,2,3,1,2,1,0,zixingche,CHN
164,2,10,2,0,7308,1,1,2,3,1,4,4,70,1,3,1,4,1,2,1,0,jiaoche,CHN
165,4,36,2,0,909,3,5,4,3,1,4,2,36,3,2,1,3,1,1,1,0,zixingche,CHN
166,4,6,2,2,2978,3,3,1,3,1,2,3,32,3,2,1,3,1,2,1,0,zixingche,CHN
167,1,18,2,2,1131,1,1,4,2,1,2,3,33,3,2,1,3,1,1,1,1,kache,CHN
168,2,11,2,2,1577,4,2,4,2,1,1,1,20,3,2,1,3,1,1,1,0,jiaoche,CHN
169,4,24,2,2,3972,1,4,2,2,1,4,2,25,3,1,1,3,1,2,1,0,zixingche,CHN
170,2,24,4,9,1935,1,5,4,1,1,4,1,31,3,2,2,3,1,2,1,1,jiaoche,GER
171,1,15,0,0,950,1,5,4,3,1,3,3,33,3,1,2,3,2,1,1,1,kache,KOR
172,4,12,2,2,763,1,3,4,2,1,1,1,26,3,2,1,3,1,2,1,0,zixingche,CHN
173,2,24,3,2,2064,1,1,3,2,1,2,2,34,3,2,1,4,1,2,1,1,jiaoche,JPN
174,2,8,2,3,1414,1,3,4,3,3,2,1,33,3,2,1,3,1,1,2,0,jiaoche,CHN
175,1,21,3,6,3414,1,2,2,3,1,1,2,26,3,2,2,3,1,1,1,1,kache,JPN
176,4,30,1,1,7485,5,1,4,2,1,1,1,53,1,2,1,4,1,2,1,1,zixingche,USA
177,1,12,2,2,2577,1,3,2,1,1,1,3,42,3,2,1,3,1,1,1,0,kache,CHN
178,1,6,4,3,338,3,5,4,3,1,4,3,52,3,2,2,3,1,1,1,0,kache,GER
179,4,12,2,3,1963,1,4,4,3,1,2,3,31,3,1,2,4,2,2,1,0,zixingche,CHN
180,1,21,4,0,571,1,5,4,3,1,4,1,65,3,2,2,3,1,1,1,0,kache,GER
181,4,36,3,9,9572,1,2,1,1,1,1,3,28,3,2,2,3,1,1,1,1,zixingche,JPN
182,2,36,3,9,4455,1,3,2,1,1,2,1,30,2,2,2,4,1,2,1,1,jiaoche,JPN
183,1,21,1,0,1647,5,3,4,3,1,2,2,40,3,2,2,2,2,1,1,1,kache,USA
184,4,24,4,2,3777,4,3,4,3,1,4,1,50,3,2,1,3,1,2,1,0,zixingche,GER
185,2,18,4,0,884,1,5,4,3,1,4,3,36,1,2,1,3,2,2,1,1,jiaoche,GER
186,4,15,4,3,1360,1,3,4,3,1,2,2,31,3,2,2,3,1,1,1,0,zixingche,GER
187,2,9,1,1,5129,1,5,2,2,1,4,4,74,1,3,1,4,2,2,1,1,jiaoche,USA
188,2,16,4,0,1175,1,1,2,3,1,3,3,68,3,3,3,1,1,2,1,0,jiaoche,GER
189,1,12,2,3,674,2,4,4,4,1,1,2,20,3,2,1,3,1,1,1,1,kache,CHN
190,2,18,0,2,3244,1,3,1,2,1,4,3,33,1,2,2,3,1,2,1,0,jiaoche,KOR
191,4,24,2,9,4591,4,3,2,3,1,3,2,54,3,2,3,4,1,2,1,1,zixingche,CHN
192,2,48,0,9,3844,2,4,4,3,1,4,4,34,3,3,1,2,2,1,1,1,jiaoche,KOR
193,2,27,2,9,3915,1,3,4,3,1,2,3,36,3,2,1,3,2,2,1,1,jiaoche,CHN
194,4,6,2,3,2108,1,4,2,4,1,2,1,29,3,1,1,3,1,1,1,0,zixingche,CHN
195,2,45,2,3,3031,2,3,4,3,3,4,2,21,3,1,1,3,1,1,1,1,jiaoche,CHN
196,2,9,4,6,1501,1,5,2,2,1,3,3,34,3,2,2,4,1,2,1,1,jiaoche,GER
197,4,6,4,3,1382,1,3,1,2,1,1,3,28,3,2,2,3,1,2,1,0,zixingche,GER
198,2,12,2,2,951,2,2,4,2,1,4,3,27,1,1,4,3,1,1,1,1,jiaoche,CHN
199,2,24,2,1,2760,5,5,4,3,1,4,4,36,1,3,1,3,1,2,1,0,jiaoche,CHN
200,2,18,3,2,4297,1,5,4,1,1,3,4,40,3,2,1,4,1,2,1,1,jiaoche,JPN
201,4,9,4,6,936,3,5,4,3,1,2,3,52,3,2,2,3,1,2,1,0,zixingche,GER
202,1,12,2,0,1168,1,3,4,4,1,3,1,27,3,2,1,2,1,1,1,0,kache,CHN
203,4,27,3,9,5117,1,4,3,3,1,4,3,26,3,2,2,3,1,1,1,0,zixingche,JPN
204,1,12,2,8,902,1,4,4,4,1,4,2,21,3,1,1,3,1,1,1,1,kache,CHN
205,4,12,4,0,1495,1,5,4,3,1,1,1,38,3,2,2,2,2,1,1,0,zixingche,GER
206,1,30,4,1,10623,1,5,3,3,1,4,4,38,3,3,3,4,2,2,1,0,kache,GER
207,4,12,4,2,1935,1,5,4,3,1,4,1,43,3,2,3,3,1,2,1,0,zixingche,GER
208,2,12,4,4,1424,1,4,4,3,1,3,2,26,3,2,1,3,1,1,1,0,jiaoche,GER
209,1,24,2,9,6568,1,3,2,4,1,2,3,21,2,2,1,2,1,1,1,0,kache,CHN
210,4,12,2,1,1413,4,4,3,3,1,2,2,55,3,2,1,3,1,1,2,0,zixingche,CHN
211,4,9,4,3,3074,5,3,1,3,1,2,1,33,3,2,2,3,2,1,1,0,zixingche,GER
212,4,36,2,3,3835,5,5,2,2,1,4,1,45,3,2,1,2,1,2,1,0,zixingche,CHN
213,1,27,0,9,5293,1,1,2,3,1,4,2,50,2,2,2,3,1,2,1,1,kache,KOR
214,3,30,3,9,1908,1,5,4,3,1,4,1,66,3,2,1,4,1,2,1,1,motuoche,JPN
215,4,36,4,3,3342,5,5,4,3,1,2,3,51,3,2,1,3,1,2,1,0,zixingche,GER
216,2,6,4,8,932,5,4,1,2,1,3,2,39,3,2,2,2,1,1,1,0,jiaoche,GER
217,1,18,0,9,3104,1,4,3,3,1,1,2,31,1,2,1,3,1,2,1,0,kache,KOR
218,3,36,2,3,3913,1,3,2,3,1,2,1,23,3,2,1,3,1,2,1,0,motuoche,CHN
219,1,24,2,2,3021,1,3,2,1,1,2,1,24,3,1,1,2,1,1,1,0,kache,CHN
220,4,10,2,0,1364,1,3,2,2,1,4,3,64,3,2,1,3,1,2,1,0,zixingche,CHN
221,2,12,2,3,625,1,2,4,4,3,1,1,26,1,2,1,2,1,1,1,0,jiaoche,CHN
222,1,12,2,6,1200,5,3,4,2,1,4,2,23,1,1,1,3,1,2,1,0,kache,CHN
223,4,12,2,3,707,1,3,4,3,1,2,1,30,1,2,2,3,1,1,1,0,zixingche,CHN
224,4,24,3,9,2978,5,3,4,3,1,4,1,32,3,2,2,3,2,2,1,0,zixingche,JPN
225,4,15,2,1,4657,1,3,3,3,1,2,3,30,3,2,1,3,1,2,1,0,zixingche,CHN
226,4,36,0,5,2613,1,3,4,3,1,2,3,27,3,2,2,3,1,1,1,0,zixingche,KOR
227,2,48,2,3,10961,4,4,1,3,2,2,4,27,1,2,2,3,1,2,1,1,jiaoche,CHN
228,1,12,2,2,7865,1,5,4,3,1,4,4,53,3,3,1,4,1,2,1,1,kache,CHN
229,4,9,2,3,1478,1,4,4,3,1,2,3,22,3,2,1,3,1,1,1,1,zixingche,CHN
230,1,24,2,2,3149,1,2,4,3,1,1,4,22,1,3,1,3,1,1,1,0,kache,CHN
231,3,36,2,3,4210,1,3,4,3,1,2,3,26,3,2,1,3,1,1,1,1,motuoche,CHN
232,4,9,2,0,2507,3,5,2,3,1,4,4,51,3,3,1,2,1,1,1,0,zixingche,CHN
233,4,12,2,3,2141,2,4,3,3,1,1,4,35,3,2,1,3,1,1,1,0,zixingche,CHN
234,2,18,2,3,866,1,3,4,4,3,2,1,25,3,2,1,2,1,1,1,0,jiaoche,CHN
235,4,4,4,3,1544,1,4,2,3,1,1,1,42,3,2,3,2,2,1,1,0,zixingche,GER
236,1,24,2,3,1823,1,1,4,3,1,2,3,30,2,2,1,4,2,1,1,1,kache,CHN
237,2,6,2,0,14555,5,1,1,3,1,2,2,23,3,2,1,1,1,2,1,1,jiaoche,CHN
238,2,21,2,9,2767,2,5,4,1,1,2,3,61,1,1,2,2,1,1,1,1,jiaoche,CHN
239,4,12,4,3,1291,1,3,4,2,1,2,2,35,3,2,2,3,1,1,1,0,zixingche,GER
240,1,30,2,3,2522,1,5,1,3,3,3,2,39,3,2,1,3,2,1,1,0,kache,CHN
241,1,24,2,0,915,5,5,4,2,1,2,3,29,1,2,1,3,1,1,1,1,kache,CHN
242,4,6,2,3,1595,1,4,3,3,1,2,2,51,3,2,1,3,2,1,1,0,zixingche,CHN
243,1,48,0,1,4605,1,5,3,3,1,4,4,24,3,3,2,3,2,1,1,1,kache,KOR
244,4,12,4,9,1185,1,3,3,2,1,2,1,27,3,2,2,3,1,1,1,0,zixingche,GER
245,4,12,1,8,3447,3,3,4,2,1,3,1,35,3,2,1,2,2,1,1,0,zixingche,USA
246,4,24,2,9,1258,1,4,4,3,1,1,1,25,3,2,1,3,1,2,1,0,zixingche,CHN
247,4,12,4,3,717,1,5,4,3,1,4,1,52,3,2,3,3,1,1,1,0,zixingche,GER
248,4,6,0,0,1204,2,3,4,3,1,1,4,35,1,1,1,3,1,1,2,0,zixingche,KOR
249,3,24,2,2,1925,1,3,2,3,1,2,1,26,3,2,1,3,1,1,1,0,motuoche,CHN
250,4,18,2,3,433,1,1,3,2,2,4,1,22,3,1,1,3,1,1,1,1,zixingche,CHN
251,1,6,4,0,666,4,4,3,2,1,4,1,39,3,2,2,2,1,2,1,0,kache,GER
252,3,12,2,2,2251,1,3,1,2,1,2,3,46,3,2,1,2,1,1,1,0,motuoche,CHN
253,2,30,2,0,2150,1,3,4,2,3,2,4,24,1,2,1,3,1,1,1,1,jiaoche,CHN
254,4,24,3,2,4151,2,3,2,3,1,3,2,35,3,2,2,3,1,1,1,0,zixingche,JPN
255,2,9,2,2,2030,5,4,2,3,1,1,3,24,3,2,1,3,1,2,1,0,jiaoche,CHN
256,2,60,3,3,7418,5,3,1,3,1,1,1,27,3,2,1,2,1,1,1,0,jiaoche,JPN
257,4,24,4,3,2684,1,3,4,3,1,2,1,35,3,2,2,2,1,1,1,0,zixingche,GER
258,1,12,1,3,2149,1,3,4,1,1,1,4,29,3,3,1,3,1,1,1,1,kache,USA
259,4,15,2,1,3812,2,2,1,2,1,4,3,23,3,2,1,3,1,2,1,0,zixingche,CHN
260,4,11,4,3,1154,2,1,4,2,1,4,1,57,3,2,3,2,1,1,1,0,zixingche,GER
261,1,12,2,2,1657,1,3,2,3,1,2,1,27,3,2,1,3,1,1,1,0,kache,CHN
262,1,24,2,3,1603,1,5,4,2,1,4,3,55,3,2,1,3,1,1,1,0,kache,CHN
263,1,18,4,0,5302,1,5,2,3,1,4,4,36,3,3,3,4,1,2,1,0,kache,GER
264,4,12,4,6,2748,1,5,2,2,1,4,4,57,1,3,3,2,1,1,1,0,zixingche,GER
265,4,10,4,0,1231,1,5,3,3,1,4,1,32,3,2,2,2,2,1,2,0,zixingche,GER
266,2,15,2,3,802,1,5,4,3,1,3,3,37,3,2,1,3,2,1,1,1,jiaoche,CHN
267,4,36,4,9,6304,5,5,4,3,1,4,1,36,3,2,2,3,1,1,1,0,zixingche,GER
268,4,24,2,3,1533,1,2,4,2,1,3,3,38,2,2,1,3,1,2,1,0,zixingche,CHN
269,1,14,2,0,8978,1,5,1,1,1,4,2,45,3,2,1,4,1,2,2,1,kache,CHN
270,4,24,2,3,999,5,5,4,3,1,2,3,25,3,2,2,3,1,1,1,0,zixingche,CHN
271,4,18,2,0,2662,5,4,4,3,1,3,2,32,3,2,1,3,1,1,2,0,zixingche,CHN
272,4,12,4,2,1402,3,4,3,2,1,4,3,37,3,1,1,3,1,2,1,0,zixingche,GER
273,2,48,1,0,12169,5,1,4,3,2,4,4,36,3,3,1,4,1,2,1,0,jiaoche,USA
274,2,48,2,3,3060,1,4,4,3,1,4,1,28,3,2,2,3,1,1,1,1,jiaoche,CHN
275,1,30,2,5,11998,1,2,1,1,1,1,4,34,3,2,1,2,1,2,1,1,kache,CHN
276,4,9,2,3,2697,1,3,1,3,1,2,1,32,3,2,1,3,2,1,1,0,zixingche,CHN
277,4,18,4,3,2404,1,3,2,2,1,2,3,26,3,2,2,3,1,1,1,0,zixingche,GER
278,1,12,2,2,1262,5,5,2,1,1,4,2,49,3,2,1,2,1,2,1,0,kache,CHN
279,4,6,2,2,4611,1,2,1,2,1,4,2,32,3,2,1,3,1,1,1,1,zixingche,CHN
280,4,24,2,3,1901,2,3,4,3,1,4,3,29,3,1,1,4,1,2,1,0,zixingche,CHN
281,4,15,4,1,3368,4,5,3,3,1,4,4,23,3,1,2,3,1,2,1,0,zixingche,GER
282,4,12,2,2,1574,1,3,4,3,1,2,1,50,3,2,1,3,1,1,1,0,zixingche,CHN
283,3,18,1,3,1445,5,4,4,3,1,4,3,49,1,2,1,2,1,1,1,0,motuoche,USA
284,4,15,4,2,1520,5,5,4,3,1,4,2,63,3,2,1,3,1,1,1,0,zixingche,GER
285,2,24,4,0,3878,2,2,4,1,1,2,3,37,3,2,1,3,1,2,1,0,jiaoche,GER
286,1,47,2,0,10722,1,2,1,2,1,1,1,35,3,2,1,2,1,2,1,0,kache,CHN
287,1,48,2,1,4788,1,4,4,3,1,3,2,26,3,2,1,3,2,1,1,0,kache,CHN
288,2,48,3,X,7582,2,1,2,3,1,4,4,31,3,3,1,4,1,2,1,0,jiaoche,JPN
289,2,12,2,3,1092,1,3,4,2,3,4,1,49,3,2,2,3,1,2,1,0,jiaoche,CHN
290,1,24,3,3,1024,1,2,4,4,1,4,1,48,2,2,1,3,1,1,1,1,kache,JPN
291,4,12,2,9,1076,1,3,2,4,1,2,1,26,3,2,1,3,1,2,2,0,zixingche,CHN
292,2,36,2,1,9398,1,2,1,4,1,4,3,28,3,1,1,4,1,2,1,1,jiaoche,CHN
293,1,24,4,1,6419,1,5,2,2,1,4,4,44,3,3,2,4,2,2,1,0,kache,GER
294,3,42,4,1,4796,1,5,4,3,1,4,4,56,3,3,1,3,1,1,1,0,motuoche,GER
295,4,48,4,9,7629,5,5,4,1,1,2,3,46,1,2,2,4,2,1,1,0,zixingche,GER
296,2,48,2,2,9960,1,2,1,2,1,2,3,26,3,2,1,3,1,2,1,1,jiaoche,CHN
297,4,12,2,1,4675,5,2,1,2,1,4,3,20,3,1,1,3,1,1,1,0,zixingche,CHN
298,4,10,2,0,1287,5,5,4,3,2,2,2,45,3,2,1,2,1,1,2,0,zixingche,CHN
299,4,18,2,2,2515,1,3,3,3,1,4,1,43,3,2,1,3,1,2,1,0,zixingche,CHN
300,2,21,4,2,2745,4,4,3,3,1,2,3,32,3,2,2,3,1,2,1,0,jiaoche,GER
301,4,6,2,0,672,1,1,1,2,1,4,1,54,3,2,1,1,1,2,1,0,zixingche,CHN
302,2,36,0,3,3804,1,3,4,2,1,1,3,42,3,2,1,3,1,2,1,1,jiaoche,KOR
303,3,24,4,0,1344,5,4,4,3,1,2,1,37,1,2,2,2,2,1,1,1,motuoche,GER
304,1,10,4,0,1038,1,4,4,3,2,3,2,49,3,2,2,3,1,2,1,0,kache,GER
305,4,48,4,0,10127,3,3,2,3,1,2,4,44,1,3,1,3,1,1,1,1,zixingche,GER
306,4,6,2,2,1543,4,3,4,1,1,2,1,33,3,2,1,3,1,1,1,0,zixingche,CHN
307,4,30,2,1,4811,5,4,2,2,1,4,2,24,2,1,1,2,1,1,1,0,zixingche,CHN
308,1,12,2,3,727,2,2,4,4,1,3,4,33,3,2,1,2,1,2,1,1,kache,CHN
309,2,8,2,2,1237,1,3,3,2,1,4,1,24,3,2,1,3,1,1,1,1,jiaoche,CHN
310,2,9,2,0,276,1,3,4,4,1,4,1,22,3,1,1,2,1,1,1,0,jiaoche,CHN
311,2,48,2,X,5381,5,1,3,3,1,4,4,40,1,3,1,1,1,2,1,0,jiaoche,CHN
312,4,24,2,2,5511,2,3,4,3,1,1,3,25,2,2,1,3,1,1,1,0,zixingche,CHN
313,3,24,2,2,3749,1,2,2,2,1,4,3,26,3,2,1,3,1,1,1,0,motuoche,CHN
314,2,12,2,0,685,1,4,2,4,1,3,3,25,1,2,1,2,1,1,1,1,jiaoche,CHN
315,3,4,2,0,1494,5,2,1,3,1,2,1,29,3,2,1,2,2,1,2,0,motuoche,CHN
316,1,36,1,2,2746,1,5,4,3,1,4,3,31,1,2,1,3,1,1,1,1,kache,USA
317,1,12,2,2,708,1,3,2,3,3,3,2,38,3,2,1,2,2,1,1,0,kache,CHN
318,2,24,2,2,4351,5,3,1,2,1,4,2,48,3,2,1,2,1,2,1,0,jiaoche,CHN
319,4,12,4,6,701,1,3,4,3,1,2,3,32,3,2,2,3,1,1,1,0,zixingche,GER
320,1,15,3,2,3643,1,5,1,2,1,4,2,27,3,2,2,2,1,1,1,0,kache,JPN
321,2,30,4,0,4249,1,1,4,4,1,2,3,28,3,2,2,4,1,1,1,1,jiaoche,GER
322,1,24,2,3,1938,1,2,4,1,1,3,2,32,3,2,1,3,1,1,1,1,kache,CHN
323,1,24,2,1,2910,1,4,2,3,1,1,4,34,3,3,1,4,1,2,1,0,kache,CHN
324,1,18,2,2,2659,4,3,4,3,1,2,3,28,3,2,1,3,1,1,1,0,kache,CHN
325,4,18,4,0,1028,1,3,4,2,1,3,1,36,3,2,2,3,1,1,1,0,zixingche,GER
326,1,8,4,0,3398,1,4,1,3,1,4,1,39,3,2,2,2,1,1,2,0,kache,GER
327,4,12,4,2,5801,5,5,2,3,1,4,2,49,3,1,1,3,1,2,1,0,zixingche,GER
328,4,24,2,0,1525,4,4,4,2,1,3,3,34,3,2,1,3,2,2,1,0,zixingche,CHN
329,3,36,2,3,4473,1,5,4,3,1,2,3,31,3,2,1,3,1,1,1,0,motuoche,CHN
330,2,6,2,3,1068,1,5,4,3,1,4,3,28,3,2,1,3,2,1,1,0,jiaoche,CHN
331,1,24,4,1,6615,1,1,2,3,1,4,4,75,3,3,2,4,1,2,1,0,kache,GER
332,4,18,4,6,1864,2,3,4,2,1,2,1,30,3,2,2,3,1,1,1,1,zixingche,GER
333,2,60,2,0,7408,2,2,4,2,1,2,2,24,3,2,1,4,1,1,1,1,jiaoche,CHN
334,4,48,4,1,11590,2,3,2,2,1,4,3,24,1,1,2,2,1,1,1,1,zixingche,GER
335,1,24,0,2,4110,1,5,3,3,1,4,4,23,1,1,2,3,2,1,1,1,kache,KOR
336,1,6,4,2,3384,1,3,1,1,1,4,1,44,3,1,1,4,1,2,1,1,kache,GER
337,2,13,2,3,2101,1,2,2,2,3,4,2,23,3,2,1,2,1,1,1,0,jiaoche,CHN
338,1,15,2,4,1275,5,3,4,2,1,2,3,24,3,1,1,3,1,1,1,1,kache,CHN
339,1,24,2,2,4169,1,3,4,3,1,4,2,28,3,2,1,3,1,1,1,0,kache,CHN
340,2,10,2,2,1521,1,3,4,1,1,2,3,31,3,2,1,2,1,1,1,0,jiaoche,CHN
341,2,24,4,6,5743,1,2,2,2,1,4,4,24,3,3,2,3,1,2,1,0,jiaoche,GER
342,1,21,2,2,3599,1,4,1,2,1,4,3,26,3,1,1,2,1,1,1,0,kache,CHN
343,2,18,2,3,3213,3,2,1,4,1,3,1,25,3,1,1,3,1,1,1,0,jiaoche,CHN
344,2,18,2,9,4439,1,5,1,3,2,1,1,33,1,2,1,4,1,2,1,0,jiaoche,CHN
345,3,10,2,0,3949,1,2,1,3,3,1,2,37,3,2,1,2,2,1,1,0,motuoche,CHN
346,4,15,4,3,1459,1,3,4,2,1,2,3,43,3,2,1,2,1,1,1,0,zixingche,GER
347,2,13,4,3,882,1,2,4,3,3,4,1,23,3,2,2,3,1,1,1,0,jiaoche,GER
348,2,24,2,3,3758,3,1,1,2,1,4,4,23,3,1,1,1,1,1,1,0,jiaoche,CHN
349,4,6,3,9,1743,2,3,1,3,1,2,1,34,3,2,2,2,1,1,1,0,zixingche,JPN
350,2,9,4,6,1136,4,5,4,3,1,3,4,32,3,3,2,3,2,1,1,1,jiaoche,GER
351,4,9,2,4,1236,1,2,1,2,1,4,1,23,3,1,1,3,1,2,1,0,zixingche,CHN
352,2,9,2,2,959,1,3,1,2,1,2,3,29,3,2,1,3,1,1,2,1,jiaoche,CHN
353,4,18,4,1,3229,5,1,2,3,1,4,4,38,3,2,1,4,1,2,1,0,zixingche,GER
354,1,12,0,3,6199,1,3,4,3,1,2,2,28,3,1,2,3,1,2,1,1,kache,KOR
355,4,10,2,6,727,3,5,4,3,1,4,4,46,3,3,1,3,1,2,1,0,zixingche,CHN
356,2,24,2,0,1246,1,2,4,3,1,2,1,23,2,2,1,2,1,1,1,1,jiaoche,CHN
357,4,12,4,3,2331,5,5,1,3,2,4,1,49,3,2,1,3,1,2,1,0,zixingche,GER
358,4,36,3,3,4463,1,3,4,3,1,2,3,26,3,2,2,4,1,2,1,1,zixingche,JPN
359,4,12,2,3,776,1,3,4,4,1,2,1,28,3,2,1,3,1,1,1,0,zixingche,CHN
360,1,30,2,2,2406,1,4,4,2,1,4,1,23,3,1,1,3,1,1,1,1,kache,CHN
361,2,18,2,6,1239,5,3,4,3,1,4,4,61,3,3,1,3,1,1,1,0,jiaoche,CHN
362,3,12,2,3,3399,5,5,2,3,1,3,3,37,3,2,1,4,1,1,1,0,motuoche,CHN
363,3,12,3,0,2247,1,3,2,2,1,2,3,36,2,2,2,3,1,2,1,0,motuoche,JPN
364,4,6,2,2,1766,1,3,1,4,1,2,2,21,3,1,1,3,1,1,1,0,zixingche,CHN
365,1,18,2,2,2473,1,1,4,3,1,1,3,25,3,2,1,1,1,1,1,1,kache,CHN
366,4,12,2,9,1542,1,4,2,3,1,4,3,36,3,2,1,3,1,2,1,0,zixingche,CHN
367,4,18,4,1,3850,1,4,3,3,1,1,3,27,3,2,2,3,1,1,1,0,zixingche,GER
368,1,18,2,2,3650,1,2,1,2,1,4,3,22,3,1,1,3,1,1,1,0,kache,CHN
369,1,36,2,2,3446,1,5,4,3,1,2,3,42,3,2,1,3,2,1,1,1,kache,CHN
370,2,18,2,2,3001,1,4,2,2,1,4,1,40,3,1,1,3,1,1,1,0,jiaoche,CHN
371,4,36,2,0,3079,5,3,4,3,1,4,1,36,3,2,1,3,1,1,1,0,zixingche,CHN
372,4,18,4,3,6070,1,5,3,3,1,4,3,33,3,2,2,3,1,2,1,0,zixingche,GER
373,4,10,4,2,2146,1,2,1,2,1,3,1,23,3,1,2,3,1,1,1,0,zixingche,GER
374,4,60,4,0,13756,5,5,2,3,1,4,4,63,1,3,1,4,1,2,1,0,zixingche,GER
375,2,60,1,X,14782,2,5,3,2,1,4,4,60,1,3,2,4,1,2,1,1,jiaoche,USA
376,1,48,1,9,7685,1,4,2,2,3,4,3,37,3,1,1,3,1,1,1,1,kache,USA
377,4,18,3,3,2320,1,1,2,4,1,3,1,34,3,2,2,3,1,1,1,0,zixingche,JPN
378,4,7,3,3,846,5,5,3,3,1,4,4,36,3,3,1,3,1,1,1,0,zixingche,JPN
379,2,36,2,0,14318,1,5,4,3,1,2,4,57,3,3,1,4,1,2,1,1,jiaoche,CHN
380,4,6,4,0,362,2,3,4,2,1,4,3,52,3,2,2,2,1,1,1,0,zixingche,GER
381,1,20,2,2,2212,5,4,4,3,1,4,3,39,3,2,1,3,1,2,1,0,kache,CHN
382,2,18,2,1,12976,1,1,3,2,1,4,4,38,3,3,1,4,1,2,1,1,jiaoche,CHN
383,4,22,2,0,1283,5,4,4,2,1,4,2,25,3,1,1,3,1,1,1,0,zixingche,CHN
384,3,12,2,0,1330,1,2,4,3,1,1,1,26,3,2,1,3,1,1,1,0,motuoche,CHN
385,4,30,3,9,4272,2,3,2,3,1,2,2,26,3,2,2,2,1,1,1,0,zixingche,JPN
386,4,18,4,3,2238,1,3,2,2,1,1,3,25,3,2,2,3,1,1,1,0,zixingche,GER
387,4,18,2,3,1126,5,2,4,2,1,2,1,21,3,1,1,3,1,2,1,0,zixingche,CHN
388,2,18,4,2,7374,1,1,4,3,1,4,2,40,2,2,2,4,1,2,1,0,jiaoche,GER
389,2,15,4,9,2326,3,3,2,3,1,4,3,27,1,2,1,3,1,1,1,0,jiaoche,GER
390,4,9,2,9,1449,1,4,3,2,1,2,3,27,3,2,2,3,1,1,1,0,zixingche,CHN
391,4,18,2,0,1820,1,3,2,4,1,2,2,30,3,2,1,4,1,2,1,0,zixingche,CHN
392,2,12,2,2,983,4,2,1,2,1,4,1,19,3,1,1,2,1,1,1,0,jiaoche,CHN
393,1,36,2,0,3249,1,4,2,3,1,4,4,39,1,3,1,4,2,2,1,0,kache,CHN
394,1,6,4,3,1957,1,4,1,2,1,4,3,31,3,2,1,3,1,1,1,0,kache,GER
395,4,9,4,2,2406,1,1,2,3,1,3,3,31,3,2,1,4,1,1,1,0,zixingche,GER
396,2,39,3,6,11760,2,4,2,3,1,3,4,32,3,1,1,3,1,2,1,0,jiaoche,JPN
397,1,12,2,2,2578,1,1,3,2,1,4,4,55,3,3,1,4,1,1,1,0,kache,CHN
398,1,36,4,2,2348,1,3,3,4,1,2,2,46,3,2,2,3,1,2,1,0,kache,GER
399,2,12,2,0,1223,1,5,1,1,1,1,1,46,3,1,2,3,1,1,1,1,jiaoche,CHN
400,4,24,4,3,1516,4,3,4,2,1,1,1,43,3,2,2,2,1,1,1,0,zixingche,GER
401,4,18,2,3,1473,1,2,3,4,1,4,1,39,3,2,1,3,1,2,1,0,zixingche,CHN
402,2,18,4,9,1887,5,3,4,4,1,4,1,28,1,2,2,3,1,1,1,0,jiaoche,GER
403,4,24,3,9,8648,1,2,2,3,1,2,3,27,1,2,2,3,1,2,1,1,zixingche,JPN
404,4,14,3,0,802,1,3,4,3,1,2,3,27,3,2,2,2,1,1,1,0,zixingche,JPN
405,2,18,3,0,2899,5,5,4,3,1,4,3,43,3,2,1,3,2,1,1,0,jiaoche,JPN
406,2,24,2,3,2039,1,2,1,4,1,1,2,22,3,2,1,3,1,2,1,1,jiaoche,CHN
407,4,24,4,1,2197,5,4,4,3,1,4,3,43,3,2,2,3,2,2,1,0,zixingche,GER
408,1,15,2,3,1053,1,2,4,4,1,2,1,27,3,2,1,3,1,1,2,0,kache,CHN
409,4,24,2,3,3235,3,5,3,1,1,2,3,26,3,2,1,4,1,2,1,0,zixingche,CHN
410,3,12,4,0,939,3,4,4,4,1,2,1,28,3,2,3,3,1,2,1,1,motuoche,GER
411,2,24,2,3,1967,1,5,4,2,1,4,3,20,3,2,1,3,1,2,1,0,jiaoche,CHN
412,4,33,4,1,7253,1,4,3,3,1,2,3,35,3,2,2,4,1,2,1,0,zixingche,GER
413,4,12,4,9,2292,1,1,4,3,1,2,3,42,2,2,2,4,1,2,1,1,zixingche,GER
414,4,10,2,0,1597,3,3,3,3,1,2,4,40,3,1,1,2,2,1,2,0,zixingche,CHN
415,1,24,2,0,1381,5,3,4,2,1,2,2,35,3,2,1,3,1,1,1,1,kache,CHN
416,4,36,4,1,5842,1,5,2,3,1,2,2,35,3,2,2,3,2,2,1,0,zixingche,GER
417,1,12,2,0,2579,1,2,4,3,1,1,1,33,3,2,1,2,2,1,1,1,kache,CHN
418,1,18,3,6,8471,5,3,1,2,1,2,3,23,3,1,2,3,1,2,1,0,kache,JPN
419,4,21,2,0,2782,3,4,1,2,1,2,3,31,1,2,1,4,1,1,1,0,zixingche,CHN
420,2,18,2,0,1042,5,3,4,2,1,2,2,33,3,2,1,3,1,1,1,1,jiaoche,CHN
421,4,15,2,0,3186,4,4,2,2,1,3,3,20,3,1,1,3,1,1,1,0,zixingche,CHN
422,2,12,2,1,2028,5,3,4,3,1,2,3,30,3,2,1,3,1,1,1,0,jiaoche,CHN
423,2,12,4,0,958,1,4,2,3,1,3,1,47,3,2,2,2,2,1,1,0,jiaoche,GER
424,4,21,3,2,1591,2,4,4,3,1,3,1,34,3,2,2,4,1,1,1,0,zixingche,JPN
425,2,12,2,2,2762,5,5,1,2,1,2,2,25,1,2,1,3,1,2,1,1,jiaoche,CHN
426,2,18,2,1,2779,1,3,1,4,1,3,3,21,3,1,1,3,1,2,1,0,jiaoche,CHN
427,4,28,4,3,2743,1,5,4,3,1,2,3,29,3,2,2,3,1,1,1,0,zixingche,GER
428,4,18,4,3,1149,4,3,4,3,1,3,1,46,3,2,2,3,1,1,1,0,zixingche,GER
429,4,9,2,2,1313,1,5,1,3,1,4,3,20,3,2,1,3,1,1,1,0,zixingche,CHN
430,1,18,4,5,1190,1,1,2,2,1,4,4,55,3,3,3,1,2,1,1,1,kache,GER
431,4,5,2,9,3448,1,4,1,3,1,4,1,74,3,2,1,2,1,1,1,0,zixingche,CHN
432,2,24,2,X,11328,1,3,2,3,2,3,3,29,1,2,2,4,1,2,1,1,jiaoche,CHN
433,1,6,4,2,1872,1,1,4,3,1,4,4,36,3,3,3,4,1,2,1,0,kache,GER
434,4,24,4,5,2058,1,3,4,1,1,2,1,33,3,2,2,3,1,2,1,0,zixingche,GER
435,1,9,2,2,2136,1,3,3,3,1,2,1,25,3,2,1,3,1,1,1,0,kache,CHN
436,2,12,2,3,1484,5,3,2,4,1,1,1,25,3,2,1,3,1,2,1,1,jiaoche,CHN
437,4,6,2,5,660,3,4,2,4,1,4,1,23,3,1,1,2,1,1,1,0,zixingche,CHN
438,4,24,4,0,1287,4,5,4,2,1,4,1,37,3,2,2,3,1,2,1,0,zixingche,GER
439,1,42,4,5,3394,1,1,4,3,2,4,3,65,3,2,2,1,1,1,1,0,kache,GER
440,3,12,1,9,609,1,2,4,2,1,1,1,26,3,2,1,1,1,1,1,1,motuoche,USA
441,4,12,2,0,1884,1,5,4,3,1,4,3,39,3,2,1,4,1,2,1,0,zixingche,CHN
442,1,12,2,2,1620,1,3,2,2,2,3,2,30,3,2,1,3,1,1,1,0,kache,CHN
443,2,20,3,X,2629,1,3,2,3,1,3,3,29,1,2,2,3,1,2,1,0,jiaoche,JPN
444,4,12,2,6,719,1,5,4,3,1,4,3,41,1,2,1,2,2,1,1,1,zixingche,CHN
445,2,48,4,2,5096,1,3,2,2,1,3,3,30,3,2,1,4,1,2,1,1,jiaoche,GER
446,4,9,4,6,1244,5,5,4,2,1,4,2,41,3,1,2,2,1,1,1,0,zixingche,GER
447,1,36,2,0,1842,1,2,4,2,1,4,3,34,3,2,1,3,1,2,1,1,kache,CHN
448,2,7,2,3,2576,1,3,2,3,3,2,1,35,3,2,1,3,1,1,1,0,jiaoche,CHN
449,3,12,2,2,1424,5,5,3,2,1,4,1,55,3,2,1,4,1,2,1,0,motuoche,CHN
450,2,15,3,5,1512,4,3,3,4,1,3,2,61,2,2,2,3,1,1,1,1,jiaoche,JPN
451,4,36,4,1,11054,5,3,4,3,1,2,3,30,3,2,1,4,1,2,1,0,zixingche,GER
452,4,6,2,3,518,1,3,3,2,1,1,1,29,3,2,1,3,1,1,1,0,zixingche,CHN
453,4,12,0,2,2759,1,5,2,3,1,4,2,34,3,2,2,3,1,1,1,0,zixingche,KOR
454,4,24,2,1,2670,1,5,4,3,1,4,3,35,3,2,1,4,1,2,1,0,zixingche,CHN
455,1,24,2,0,4817,1,4,2,3,2,3,2,31,3,2,1,3,1,2,1,1,kache,CHN
456,4,24,2,1,2679,1,2,4,2,1,1,4,29,3,2,1,4,1,2,1,0,zixingche,CHN
457,1,11,4,0,3905,1,3,2,3,1,2,1,36,3,1,2,3,2,1,1,0,kache,GER
458,1,12,2,1,3386,1,5,3,3,1,4,4,35,3,3,1,3,1,2,1,1,kache,CHN
459,1,6,2,4,343,1,2,4,2,1,1,1,27,3,2,1,3,1,1,1,0,kache,CHN
460,4,18,2,3,4594,1,2,3,3,1,2,3,32,3,2,1,3,1,2,1,0,zixingche,CHN
461,1,36,2,2,3620,1,3,1,3,3,2,2,37,3,2,1,3,2,1,1,0,kache,CHN
462,1,15,2,0,1721,1,2,2,3,1,3,1,36,3,2,1,3,1,1,1,0,kache,CHN
463,2,12,2,2,3017,1,2,3,2,1,1,1,34,3,1,1,4,1,1,1,0,jiaoche,CHN
464,2,12,2,8,754,5,5,4,3,1,4,2,38,3,2,2,3,1,1,1,0,jiaoche,CHN
465,4,18,2,9,1950,1,4,4,3,1,1,3,34,2,2,2,3,1,2,1,0,zixingche,CHN
466,1,24,2,1,2924,1,3,3,3,3,4,4,63,1,2,1,3,2,2,1,0,kache,CHN
467,1,24,3,3,1659,1,2,4,2,1,2,3,29,3,1,1,2,1,2,1,1,kache,JPN
468,4,48,3,3,7238,5,5,3,3,1,3,3,32,1,2,2,3,2,1,1,0,zixingche,JPN
469,4,33,3,9,2764,1,3,2,2,1,2,3,26,3,2,2,3,1,2,1,0,zixingche,JPN
470,4,24,3,1,4679,1,4,3,3,1,3,3,35,3,2,2,2,1,2,1,0,zixingche,JPN
471,2,24,2,3,3092,2,2,3,4,1,2,3,22,3,1,1,3,1,2,1,1,jiaoche,CHN
472,1,6,2,6,448,1,2,4,2,1,4,2,23,3,2,1,3,1,1,1,1,kache,CHN
473,1,9,2,0,654,1,3,4,3,1,3,3,28,3,2,1,2,1,1,1,1,kache,CHN
474,4,6,2,8,1238,5,1,4,3,1,4,2,36,3,2,1,4,2,2,1,0,zixingche,CHN
475,2,18,4,3,1245,1,3,4,4,1,2,3,33,3,2,1,3,1,1,1,1,jiaoche,GER
476,1,18,0,2,3114,1,2,1,2,1,4,2,26,3,1,1,3,1,1,1,1,kache,KOR
477,4,39,2,1,2569,3,3,4,3,1,4,3,24,3,2,1,3,1,1,1,0,zixingche,CHN
478,3,24,2,3,5152,1,4,4,3,1,2,3,25,1,2,1,3,1,1,1,0,motuoche,CHN
479,2,12,2,9,1037,2,4,3,3,1,4,1,39,3,2,1,2,1,1,1,0,jiaoche,CHN
480,1,15,4,2,1478,1,5,4,3,1,4,3,44,3,2,2,3,2,2,1,0,kache,GER
481,2,12,4,3,3573,1,3,1,2,1,1,1,23,3,2,1,2,1,1,1,0,jiaoche,GER
482,2,24,2,0,1201,1,2,4,3,1,1,2,26,3,2,1,3,1,1,1,0,jiaoche,CHN
483,1,30,2,2,3622,4,5,4,2,1,4,2,57,3,1,2,3,1,2,1,0,kache,CHN
484,4,15,3,2,960,4,4,3,2,1,2,2,30,3,2,2,3,1,1,1,0,zixingche,JPN
485,4,12,4,0,1163,3,3,4,3,1,4,1,44,3,2,1,3,1,2,1,0,zixingche,GER
486,2,6,3,0,1209,1,1,4,3,1,4,2,47,3,2,1,4,1,2,1,1,jiaoche,JPN
487,4,12,2,3,3077,1,3,2,3,1,4,3,52,3,2,1,3,1,2,1,0,zixingche,CHN
488,4,24,2,0,3757,1,5,4,2,2,4,4,62,3,3,1,3,1,2,1,0,zixingche,CHN
489,4,10,2,0,1418,2,3,3,3,1,2,1,35,3,1,1,2,1,1,2,0,zixingche,CHN
490,4,6,2,0,3518,1,3,2,3,3,3,2,26,3,1,1,3,1,1,1,0,zixingche,CHN
491,4,12,4,3,1934,1,5,2,3,1,2,4,26,3,2,2,3,1,1,1,0,zixingche,GER
492,2,27,0,9,8318,1,5,2,2,1,4,4,42,3,3,2,4,1,2,1,1,jiaoche,KOR
493,4,6,4,3,1237,2,3,1,2,1,1,2,27,3,2,2,3,1,1,1,0,zixingche,GER
494,2,6,2,3,368,5,5,4,3,1,4,2,38,3,2,1,3,1,1,1,0,jiaoche,CHN
495,1,12,4,0,2122,1,3,3,3,1,2,1,39,3,1,2,2,2,1,2,0,kache,GER
496,1,24,2,2,2996,5,3,2,4,1,4,3,20,3,2,1,3,1,1,1,1,kache,CHN
497,2,36,2,2,9034,2,2,4,3,2,1,4,29,3,1,1,4,1,2,1,1,jiaoche,CHN
498,4,24,4,2,1585,1,4,4,3,1,3,2,40,3,2,2,3,1,1,1,0,zixingche,GER
499,2,18,2,3,1301,1,5,4,4,3,2,1,32,3,2,1,2,1,1,1,0,jiaoche,CHN
500,3,6,4,0,1323,2,5,2,1,1,4,3,28,3,2,2,3,2,2,1,0,motuoche,GER
501,1,24,2,0,3123,1,2,4,2,1,1,2,27,3,2,1,3,1,1,1,1,kache,CHN
502,1,36,2,1,5493,1,5,2,3,1,4,4,42,3,3,1,3,2,1,1,0,kache,CHN
503,3,9,2,3,1126,2,5,2,1,1,4,1,49,3,2,1,3,1,1,1,0,motuoche,CHN
504,2,24,4,3,1216,2,2,4,3,1,4,4,38,1,2,2,3,2,1,1,1,jiaoche,GER
505,1,24,2,0,1207,1,2,4,2,1,4,2,24,3,1,1,3,1,1,1,1,kache,CHN
506,4,10,2,0,1309,5,3,4,3,3,4,2,27,3,2,1,2,1,1,1,1,zixingche,CHN
507,3,15,4,1,2360,3,3,2,3,1,2,3,36,3,2,1,3,1,2,1,0,motuoche,GER
508,2,15,1,0,6850,2,1,1,3,1,2,2,34,3,2,1,4,2,2,1,1,jiaoche,USA
509,4,24,2,3,1413,1,3,4,4,1,2,2,28,3,2,1,3,1,1,1,0,zixingche,CHN
510,4,39,2,1,8588,2,5,4,3,1,2,3,45,3,2,1,4,1,2,1,0,zixingche,CHN
511,1,12,2,0,759,1,4,4,3,1,2,1,26,3,2,1,3,1,1,1,1,kache,CHN
512,4,36,2,1,4686,1,3,2,3,1,2,4,32,3,3,1,4,1,2,1,0,zixingche,CHN
513,3,15,2,9,2687,1,4,2,3,1,4,2,26,3,1,1,3,1,2,1,0,motuoche,CHN
514,2,12,3,3,585,1,3,4,4,2,4,1,20,3,1,2,3,1,1,1,0,jiaoche,JPN
515,4,24,2,0,2255,5,2,4,3,1,1,2,54,3,2,1,3,1,1,1,0,zixingche,CHN
516,1,6,4,0,609,1,4,4,2,1,3,2,37,3,2,2,3,1,1,2,0,kache,GER
517,1,6,4,0,1361,1,2,2,3,1,4,1,40,3,2,1,2,2,1,2,0,kache,GER
518,4,36,4,2,7127,1,2,2,2,1,4,2,23,3,1,2,3,1,2,1,1,zixingche,GER
519,1,6,2,0,1203,2,5,3,3,1,2,2,43,3,2,1,3,1,2,1,0,kache,CHN
520,4,6,4,3,700,5,5,4,3,1,4,4,36,3,3,2,3,1,1,1,0,zixingche,GER
521,4,24,4,5,5507,1,5,3,3,1,4,4,44,3,3,2,3,1,1,1,0,zixingche,GER
522,1,18,2,3,3190,1,3,2,2,1,2,1,24,3,2,1,3,1,1,1,1,kache,CHN
523,1,48,0,2,7119,1,3,3,3,1,4,4,53,3,3,2,3,2,1,1,1,kache,KOR
524,4,24,2,1,3488,2,4,3,2,1,4,3,23,3,2,1,3,1,1,1,0,zixingche,CHN
525,2,18,2,3,1113,1,3,4,2,3,4,1,26,3,2,1,2,2,1,1,0,jiaoche,CHN
526,2,26,2,1,7966,1,2,2,3,1,3,3,30,3,2,2,3,1,1,1,0,jiaoche,CHN
527,4,15,4,6,1532,2,3,4,2,1,3,3,31,3,2,1,3,1,1,1,0,zixingche,GER
528,4,4,4,3,1503,1,4,2,3,1,1,1,42,3,2,2,2,2,1,1,0,zixingche,GER
529,1,36,2,3,2302,1,3,4,1,1,4,3,31,3,1,1,3,1,1,1,1,kache,CHN
530,1,6,2,0,662,1,2,3,3,1,4,1,41,3,2,1,2,2,2,1,0,kache,CHN
531,2,36,2,6,2273,1,4,3,3,1,1,3,32,3,2,2,3,2,1,1,0,jiaoche,CHN
532,2,15,2,0,2631,2,3,2,2,1,4,3,28,3,1,2,3,1,2,1,1,jiaoche,CHN
533,4,12,3,1,1503,1,3,4,4,1,4,1,41,3,1,1,3,1,1,1,0,zixingche,JPN
534,4,24,2,3,1311,2,4,4,4,1,3,2,26,3,2,1,3,1,2,1,0,zixingche,CHN
535,4,24,2,3,3105,5,2,4,3,1,2,3,25,3,2,2,3,1,1,1,0,zixingche,CHN
536,3,21,4,6,2319,1,2,2,1,1,1,3,33,3,1,1,3,1,1,1,1,motuoche,GER
537,1,6,2,0,1374,5,1,4,2,1,3,2,75,3,2,1,4,1,2,1,0,kache,CHN
538,2,18,4,2,3612,1,5,3,2,1,4,2,37,3,2,1,3,1,2,1,0,jiaoche,GER
539,1,48,2,0,7763,1,5,4,3,1,4,4,42,1,3,1,4,1,1,1,1,kache,CHN
540,3,18,2,2,3049,1,2,1,2,1,1,2,45,2,2,1,2,1,1,1,0,motuoche,CHN
541,2,12,2,3,1534,1,2,1,4,1,1,1,23,3,1,1,3,1,1,1,1,jiaoche,CHN
542,4,24,3,0,2032,1,5,4,3,1,4,4,60,3,3,2,3,1,2,1,0,zixingche,JPN
543,1,30,2,2,6350,5,5,4,3,1,4,2,31,3,2,1,3,1,1,1,1,kache,CHN
544,3,18,2,2,2864,1,3,2,3,1,1,1,34,3,2,1,2,2,1,1,1,motuoche,CHN
545,4,12,4,0,1255,1,5,4,3,1,4,1,61,3,2,2,2,1,1,1,0,zixingche,GER
546,1,24,3,0,1333,1,1,4,3,1,2,1,43,3,3,2,3,2,1,1,1,kache,JPN
547,4,24,4,0,2022,1,3,4,2,1,4,3,37,3,2,1,3,1,2,1,0,zixingche,GER
548,4,24,2,3,1552,1,4,3,3,1,1,3,32,1,2,1,3,2,1,1,0,zixingche,CHN
549,1,12,1,3,626,1,3,4,2,1,4,1,24,1,2,1,2,1,1,1,1,kache,USA
550,4,48,4,1,8858,5,4,2,3,1,1,4,35,3,3,2,3,1,2,1,0,zixingche,GER
551,4,12,4,5,996,5,4,4,2,1,4,1,23,3,2,2,3,1,1,1,0,zixingche,GER
552,4,6,1,3,1750,3,5,2,3,1,4,2,45,1,2,1,2,2,1,1,0,zixingche,USA
553,1,48,2,3,6999,1,4,1,4,3,1,1,34,3,2,2,3,1,2,1,1,kache,CHN
554,2,12,4,0,1995,2,2,4,3,1,1,3,27,3,2,1,3,1,1,1,0,jiaoche,GER
555,2,9,2,6,1199,1,4,4,2,1,4,2,67,3,2,2,4,1,2,1,0,jiaoche,CHN
556,2,12,2,3,1331,1,2,2,3,1,1,3,22,2,2,1,3,1,1,1,1,jiaoche,CHN
557,2,18,0,0,2278,2,2,3,2,1,3,3,28,3,2,2,3,1,1,1,1,jiaoche,KOR
558,4,21,0,0,5003,5,3,1,2,1,4,2,29,1,2,2,3,1,2,1,1,zixingche,KOR
559,1,24,1,2,3552,1,4,3,3,1,4,3,27,1,2,1,3,1,1,1,1,kache,USA
560,2,18,4,2,1928,1,2,2,3,1,2,1,31,3,2,2,2,1,1,1,1,jiaoche,GER
561,1,24,2,1,2964,5,5,4,3,1,4,4,49,1,3,1,3,2,2,1,0,kache,CHN
562,1,24,1,3,1546,1,4,4,3,3,4,3,24,1,1,1,2,1,1,1,1,kache,USA
563,3,6,3,3,683,1,2,2,2,1,1,2,29,1,2,1,3,1,1,1,0,motuoche,JPN
564,2,36,2,0,12389,5,3,1,3,1,4,4,37,3,3,1,3,1,2,1,1,jiaoche,CHN
565,2,24,3,9,4712,5,3,4,3,1,2,2,37,1,2,2,4,1,2,1,0,jiaoche,JPN
566,2,24,3,3,1553,2,4,3,2,1,2,2,23,3,1,2,3,1,2,1,0,jiaoche,JPN
567,1,12,2,0,1372,1,4,2,1,1,3,3,36,3,2,1,3,1,1,1,1,kache,CHN
568,4,24,4,3,2578,4,5,2,3,1,2,3,34,3,2,1,3,1,1,1,0,zixingche,GER
569,2,48,2,3,3979,5,4,4,3,1,1,3,41,3,2,2,3,2,2,1,0,jiaoche,CHN
570,1,48,2,3,6758,1,3,3,2,1,2,3,31,3,2,1,3,1,2,1,1,kache,CHN
571,1,24,2,2,3234,1,2,4,2,1,4,1,23,3,1,1,2,1,2,1,1,kache,CHN
572,4,30,4,3,5954,1,4,3,3,2,2,3,38,3,2,1,3,1,1,1,0,zixingche,GER
573,4,24,2,1,5433,5,1,2,2,1,4,2,26,3,1,1,4,1,2,1,0,zixingche,CHN
574,1,15,2,9,806,1,3,4,2,1,4,2,22,3,2,1,2,1,1,1,0,kache,CHN
575,2,9,2,3,1082,1,5,4,3,1,4,3,27,3,2,2,2,1,1,1,0,jiaoche,CHN
576,4,15,4,2,2788,1,4,2,2,2,3,3,24,1,2,2,3,1,1,1,0,zixingche,GER
577,2,12,2,3,2930,1,4,2,2,1,1,1,27,3,2,1,3,1,1,1,0,jiaoche,CHN
578,4,24,4,6,1927,5,3,3,2,1,2,3,33,3,2,2,3,1,2,1,0,zixingche,GER
579,2,36,4,0,2820,1,2,4,1,1,4,3,27,3,2,2,3,1,1,1,1,jiaoche,GER
580,4,24,2,8,937,1,2,4,4,1,3,3,27,3,2,2,2,1,1,1,0,zixingche,CHN
581,2,18,4,0,1056,1,5,3,3,3,3,1,30,1,2,2,3,1,1,1,1,jiaoche,GER
582,2,12,4,0,3124,1,2,1,3,1,3,1,49,1,2,2,2,2,1,1,0,jiaoche,GER
583,4,9,2,2,1388,1,3,4,2,1,2,1,26,3,1,1,3,1,1,1,0,zixingche,CHN
584,2,36,2,5,2384,1,2,4,3,1,1,4,33,3,1,1,2,1,1,1,1,jiaoche,CHN
585,4,12,2,0,2133,5,5,4,2,1,4,4,52,3,3,1,4,1,2,1,0,zixingche,CHN
586,1,18,2,2,2039,1,3,1,2,1,4,1,20,1,1,1,3,1,1,1,1,kache,CHN
587,1,9,4,0,2799,1,3,2,3,1,2,1,36,3,1,2,3,2,1,1,0,kache,GER
588,1,12,2,2,1289,1,3,4,3,3,1,2,21,3,2,1,2,1,1,1,0,kache,CHN
589,1,18,2,4,1217,1,3,4,4,1,3,1,47,3,2,1,2,1,2,1,1,kache,CHN
590,1,12,4,2,2246,1,5,3,3,1,3,2,60,3,2,2,3,1,1,1,1,kache,GER
591,1,12,4,3,385,1,4,4,2,1,3,1,58,3,2,4,2,1,2,1,0,kache,GER
592,2,24,3,0,1965,5,3,4,2,1,4,3,42,3,1,2,3,1,2,1,0,jiaoche,JPN
593,4,21,2,9,1572,4,5,4,2,1,4,1,36,1,2,1,2,1,1,1,0,zixingche,CHN
594,2,24,2,0,2718,1,3,3,2,1,4,2,20,3,1,1,2,1,2,1,1,jiaoche,CHN
595,1,24,1,X,1358,5,5,4,3,1,3,3,40,2,2,1,4,1,2,1,1,kache,USA
596,2,6,1,0,931,2,2,1,2,1,1,2,32,2,2,1,2,1,1,1,1,jiaoche,USA
597,1,24,2,0,1442,1,4,4,2,1,4,3,23,3,1,2,3,1,1,1,1,kache,CHN
598,2,24,0,9,4241,1,3,1,3,1,4,1,36,3,2,3,2,1,2,1,1,jiaoche,KOR
599,4,18,4,0,2775,1,4,2,3,1,2,2,31,1,2,2,3,1,1,1,1,zixingche,GER
600,4,24,3,9,3863,1,3,1,3,1,2,4,32,3,3,1,3,1,1,1,0,zixingche,JPN
601,2,7,2,3,2329,1,2,1,2,3,1,1,45,3,2,1,3,1,1,1,0,jiaoche,CHN
602,2,9,2,2,918,1,3,4,2,1,1,2,30,3,2,1,3,1,1,1,1,jiaoche,CHN
603,2,24,1,6,1837,1,4,4,2,1,4,4,34,1,3,1,2,1,1,1,1,jiaoche,USA
604,4,36,2,2,3349,1,3,4,2,1,2,3,28,3,2,1,4,1,2,1,1,zixingche,CHN
605,3,10,2,2,1275,1,2,4,2,1,2,2,23,3,2,1,3,1,1,1,0,motuoche,CHN
606,1,24,1,2,2828,3,3,4,3,1,4,1,22,2,2,1,3,1,2,1,0,kache,USA
607,4,24,4,9,4526,1,3,3,3,1,2,1,74,3,2,1,4,1,2,1,0,zixingche,GER
608,2,36,2,3,2671,2,3,4,2,2,4,4,50,3,3,1,3,1,1,1,1,jiaoche,CHN
609,4,18,2,3,2051,1,2,4,3,1,1,1,33,3,2,1,3,1,1,1,0,zixingche,CHN
610,4,15,2,1,1300,5,5,4,3,1,4,4,45,1,3,1,3,2,1,1,0,zixingche,CHN
611,1,12,2,4,741,2,1,4,2,1,3,2,22,3,2,1,3,1,1,1,1,kache,CHN
612,3,10,2,0,1240,2,5,1,2,1,4,4,48,3,3,1,2,2,1,1,1,motuoche,CHN
613,1,21,2,3,3357,4,2,4,2,1,2,3,29,1,2,1,3,1,1,1,0,kache,CHN
614,1,24,1,1,3632,1,3,1,2,3,4,3,22,1,1,1,3,1,1,2,0,kache,USA
615,4,18,3,2,1808,1,4,4,2,1,1,1,22,3,2,1,3,1,1,1,1,zixingche,JPN
616,2,48,0,9,12204,5,3,2,3,1,2,3,48,1,2,1,4,1,2,1,0,jiaoche,KOR
617,2,60,3,3,9157,5,3,2,3,1,2,4,27,3,3,1,4,1,1,1,0,jiaoche,JPN
618,1,6,4,0,3676,1,3,1,3,1,3,1,37,3,1,3,3,2,1,1,0,kache,GER
619,2,30,2,2,3441,2,3,2,2,2,4,3,21,3,1,1,3,1,1,1,1,jiaoche,CHN
620,4,12,2,0,640,1,3,4,1,1,2,1,49,3,2,1,2,1,1,1,0,zixingche,CHN
621,2,21,4,9,3652,1,4,2,3,1,3,2,27,3,2,2,3,1,1,1,0,jiaoche,GER
622,4,18,4,0,1530,1,3,3,3,1,2,2,32,1,2,2,3,1,1,1,1,zixingche,GER
623,4,48,2,9,3914,5,3,4,1,1,2,1,38,1,2,1,3,1,1,1,1,zixingche,CHN
624,1,12,2,2,1858,1,2,4,2,1,1,3,22,3,1,1,3,1,1,1,0,kache,CHN
625,1,18,2,3,2600,1,3,4,3,1,4,4,65,3,3,2,3,1,1,1,1,kache,CHN
626,4,15,2,3,1979,5,5,4,3,1,2,3,35,3,2,1,3,1,1,1,0,zixingche,CHN
627,3,6,2,2,2116,1,3,2,3,1,2,1,41,3,2,1,3,1,2,1,0,motuoche,CHN
628,2,9,1,0,1437,2,4,2,3,1,3,4,29,3,2,1,3,1,1,1,1,jiaoche,USA
629,4,42,4,2,4042,3,3,4,3,1,4,1,36,3,2,2,3,1,2,1,0,zixingche,GER
630,4,9,2,6,3832,5,5,1,3,1,4,1,64,3,2,1,2,1,1,1,0,zixingche,CHN
631,1,24,2,3,3660,1,3,2,2,1,4,3,28,3,2,1,3,1,1,1,0,kache,CHN
632,1,18,1,2,1553,1,3,4,3,1,3,3,44,1,2,1,3,1,1,1,1,kache,USA
633,2,15,2,3,1444,5,2,4,3,1,1,2,23,3,2,1,3,1,1,1,0,jiaoche,CHN
634,4,9,2,2,1980,1,2,2,2,2,2,3,19,3,1,2,3,1,1,1,1,zixingche,CHN
635,2,24,2,0,1355,1,2,3,2,1,4,3,25,3,2,1,2,1,2,1,1,jiaoche,CHN
636,4,12,2,6,1393,1,5,4,3,1,4,2,47,1,2,3,3,2,2,1,0,zixingche,CHN
637,4,24,2,3,1376,3,4,4,2,1,1,3,28,3,2,1,3,1,1,1,0,zixingche,CHN
638,4,60,3,3,15653,1,4,2,3,1,4,3,21,3,2,2,3,1,2,1,0,zixingche,JPN
639,4,12,2,3,1493,1,2,4,2,1,3,3,34,3,2,1,3,2,1,1,0,zixingche,CHN
640,1,42,3,3,4370,1,4,3,3,1,2,2,26,1,2,2,3,2,2,1,1,kache,JPN
641,1,18,2,6,750,1,1,4,2,1,1,1,27,3,2,1,1,1,1,1,1,kache,CHN
642,2,15,2,5,1308,1,5,4,3,1,4,3,38,3,2,2,2,1,1,1,0,jiaoche,CHN
643,4,15,2,6,4623,2,3,3,3,1,2,2,40,3,2,1,4,1,2,1,1,zixingche,CHN
644,4,24,4,3,1851,1,4,4,4,3,2,3,33,3,2,2,3,1,2,1,0,zixingche,GER
645,1,18,4,3,1880,1,4,4,4,1,1,2,32,3,2,2,4,1,2,1,0,kache,GER
646,4,36,3,9,7980,5,2,4,3,1,4,3,27,3,1,2,3,1,2,1,1,zixingche,JPN
647,1,30,0,2,4583,1,3,2,1,3,2,1,32,3,2,2,3,1,1,1,0,kache,KOR
648,4,12,2,0,1386,3,3,2,2,1,2,2,26,3,2,1,3,1,1,1,1,zixingche,CHN
649,3,24,2,0,947,1,4,4,3,1,3,4,38,1,3,1,3,2,1,1,1,motuoche,CHN
650,1,12,2,6,684,1,3,4,3,1,4,3,40,3,1,1,2,2,1,1,1,kache,CHN
651,1,48,2,6,7476,1,4,4,3,1,1,4,50,3,3,1,4,1,2,1,0,kache,CHN
652,2,12,2,2,1922,1,3,4,3,1,2,2,37,3,2,1,2,1,1,1,1,jiaoche,CHN
653,1,24,2,0,2303,1,5,4,3,2,1,1,45,3,2,1,3,1,1,1,1,kache,CHN
654,2,36,3,0,8086,2,5,2,3,1,4,3,42,3,2,4,4,1,2,1,1,jiaoche,JPN
655,4,24,4,1,2346,1,4,4,3,1,3,3,35,3,2,2,3,1,2,1,0,zixingche,GER
656,1,14,2,0,3973,1,1,1,3,1,4,4,22,3,3,1,3,1,1,1,0,kache,CHN
657,2,12,2,0,888,1,5,4,3,1,4,3,41,1,2,1,2,2,1,1,1,jiaoche,CHN
658,4,48,2,3,10222,5,4,4,3,1,3,3,37,2,2,1,3,1,2,1,0,zixingche,CHN
659,2,30,0,9,4221,1,3,2,2,1,1,3,28,3,2,2,3,1,1,1,0,jiaoche,KOR
660,2,18,4,2,6361,1,5,2,3,1,1,4,41,3,2,1,3,1,2,1,0,jiaoche,GER
661,3,12,2,3,1297,1,3,3,4,1,4,1,23,3,1,1,3,1,1,1,0,motuoche,CHN
662,1,12,2,0,900,5,3,4,4,1,2,3,23,3,2,1,3,1,1,1,1,kache,CHN
663,4,21,2,2,2241,1,5,4,3,1,2,1,50,3,2,2,3,1,1,1,0,zixingche,CHN
664,2,6,3,2,1050,1,1,4,3,1,1,2,35,2,2,2,4,1,2,1,0,jiaoche,JPN
665,3,6,4,6,1047,1,3,2,2,1,4,2,50,3,2,1,2,1,1,1,0,motuoche,GER
666,4,24,4,X,6314,1,1,4,3,2,2,4,27,1,2,2,4,1,2,1,0,zixingche,GER
667,2,30,1,2,3496,4,3,4,3,1,2,3,34,2,2,1,3,2,2,1,0,jiaoche,USA
668,4,48,1,9,3609,1,3,1,2,1,1,1,27,2,2,1,3,1,1,1,0,zixingche,USA
669,1,12,4,0,4843,1,5,3,3,2,4,2,43,3,1,2,3,1,2,1,1,kache,GER
670,3,30,4,3,3017,1,5,4,3,1,4,2,47,3,2,1,3,1,1,1,0,motuoche,GER
671,4,24,4,9,4139,2,3,3,3,1,3,2,27,3,2,2,2,1,2,1,0,zixingche,GER
672,4,36,2,9,5742,2,4,2,3,1,2,3,31,3,2,2,3,1,2,1,0,zixingche,CHN
673,4,60,2,0,10366,1,5,2,3,1,4,2,42,3,2,1,4,1,2,1,0,zixingche,CHN
674,4,6,4,0,2080,3,3,1,4,1,2,3,24,3,2,1,3,1,1,1,0,zixingche,GER
675,4,21,3,9,2580,3,2,4,3,1,2,1,41,1,2,1,2,2,1,1,1,zixingche,JPN
676,4,30,4,3,4530,1,4,4,2,1,4,3,26,3,1,1,4,1,2,1,0,zixingche,GER
677,4,24,4,2,5150,1,5,4,3,1,4,3,33,3,2,1,3,1,2,1,0,zixingche,GER
678,2,72,2,3,5595,2,3,2,4,1,2,3,24,3,2,1,3,1,1,1,1,jiaoche,CHN
679,1,24,2,3,2384,1,5,4,3,1,4,1,64,1,1,1,2,1,1,1,0,kache,CHN
680,4,18,2,3,1453,1,2,3,2,1,1,1,26,3,2,1,3,1,1,1,0,zixingche,CHN
681,4,6,2,6,1538,1,2,1,2,1,2,4,56,3,2,1,3,1,1,1,0,zixingche,CHN
682,4,12,2,3,2279,5,3,4,3,1,4,4,37,3,3,1,3,1,2,1,0,zixingche,CHN
683,4,15,3,3,1478,1,3,4,4,1,3,1,33,1,2,2,3,1,1,1,0,zixingche,JPN
684,4,24,4,3,5103,1,2,3,4,1,3,4,47,3,3,3,3,1,2,1,0,zixingche,GER
685,2,36,3,9,9857,2,4,1,3,1,3,2,31,3,2,2,2,2,2,1,0,jiaoche,JPN
686,4,60,2,0,6527,5,3,4,3,1,4,4,34,3,3,1,3,2,2,1,0,zixingche,CHN
687,3,10,4,3,1347,5,4,4,3,1,2,2,27,3,2,2,3,1,2,1,0,motuoche,GER
688,2,36,3,0,2862,2,5,4,3,1,3,4,30,3,3,1,3,1,1,1,0,jiaoche,JPN
689,4,9,2,3,2753,2,5,3,3,2,4,3,35,3,2,1,3,1,2,1,0,zixingche,CHN
690,1,12,2,0,3651,4,3,1,3,1,3,2,31,3,2,1,3,2,1,1,0,kache,CHN
691,1,15,4,2,975,1,3,2,1,1,3,2,25,3,2,2,3,1,1,1,0,kache,GER
692,2,15,2,5,2631,2,3,3,2,1,2,1,25,3,2,1,2,1,1,1,0,jiaoche,CHN
693,2,24,2,3,2896,2,2,2,3,1,1,3,29,3,2,1,3,1,1,1,0,jiaoche,CHN
694,1,6,4,0,4716,5,2,1,3,1,3,1,44,3,2,2,2,2,1,1,0,kache,GER
695,4,24,2,3,2284,1,4,4,3,1,2,3,28,3,2,1,3,1,2,1,0,zixingche,CHN
696,4,6,2,1,1236,3,3,2,3,1,4,2,50,3,1,1,3,1,1,1,0,zixingche,CHN
697,2,12,2,3,1103,1,4,4,3,3,3,1,29,3,2,2,3,1,1,2,0,jiaoche,CHN
698,4,12,4,0,926,1,1,1,2,1,2,2,38,3,2,1,1,1,1,1,0,zixingche,GER
699,4,18,4,3,1800,1,3,4,3,1,2,3,24,3,2,2,3,1,1,1,0,zixingche,GER
700,3,15,2,6,1905,1,5,4,3,1,4,3,40,3,1,1,4,1,2,1,0,motuoche,CHN
701,4,12,2,2,1123,3,3,4,2,1,4,3,29,3,1,1,2,1,1,1,1,zixingche,CHN
702,1,48,4,1,6331,1,5,4,3,1,4,4,46,3,3,2,3,1,2,1,1,kache,GER
703,3,24,2,3,1377,2,5,4,2,1,2,4,47,3,3,1,3,1,2,1,0,motuoche,CHN
704,2,30,3,9,2503,2,5,4,3,1,2,2,41,2,2,2,3,1,1,1,0,jiaoche,JPN
705,2,27,2,9,2528,1,2,4,2,1,1,2,32,3,2,1,3,2,2,1,0,jiaoche,CHN
706,4,15,2,0,5324,3,5,1,2,1,4,4,35,3,3,1,3,1,1,1,0,zixingche,CHN
707,2,48,2,0,6560,2,4,3,3,1,2,2,24,3,2,1,3,1,1,1,1,jiaoche,CHN
708,2,12,0,2,2969,1,2,4,2,1,3,2,25,3,1,2,3,1,1,1,1,jiaoche,KOR
709,2,9,2,3,1206,1,5,4,2,1,4,1,25,3,2,1,3,1,1,1,0,jiaoche,CHN
710,2,9,2,3,2118,1,3,2,3,1,2,1,37,3,2,1,2,2,1,1,0,jiaoche,CHN
711,4,18,4,3,629,3,5,4,3,1,3,2,32,1,2,2,4,1,2,1,0,zixingche,GER
712,1,6,1,6,1198,1,5,4,2,1,4,4,35,3,3,1,3,1,1,1,1,kache,USA
713,4,21,2,1,2476,5,5,4,3,1,4,1,46,3,2,1,4,1,2,1,0,zixingche,CHN
714,1,9,4,3,1138,1,3,4,3,1,4,1,25,3,2,2,2,1,1,1,0,kache,GER
715,2,60,2,0,14027,1,4,4,3,1,2,4,27,3,2,1,4,1,2,1,1,jiaoche,CHN
716,4,30,4,1,7596,5,5,1,3,1,4,3,63,3,2,2,3,1,1,1,0,zixingche,GER
717,4,30,4,3,3077,5,5,3,3,1,2,3,40,3,2,2,3,2,2,1,0,zixingche,GER
718,4,18,2,3,1505,1,3,4,3,1,2,4,32,3,3,1,4,1,2,1,0,zixingche,CHN
719,3,24,4,3,3148,5,3,3,3,1,2,3,31,3,2,2,3,1,2,1,0,motuoche,GER
720,2,20,0,1,6148,2,5,3,4,1,4,3,31,1,2,2,3,1,2,1,0,jiaoche,KOR
721,3,9,0,3,1337,1,2,4,3,1,2,3,34,3,2,2,4,1,2,1,1,motuoche,KOR
722,2,6,1,6,433,4,2,4,2,1,2,2,24,1,1,1,3,2,1,1,1,jiaoche,USA
723,1,12,2,0,1228,1,3,4,2,1,2,1,24,3,2,1,2,1,1,1,1,kache,CHN
724,2,9,2,3,790,3,3,4,2,1,3,1,66,3,2,1,2,1,1,1,0,jiaoche,CHN
725,4,27,2,0,2570,1,3,3,2,1,3,1,21,3,1,1,3,1,1,1,1,zixingche,CHN
726,4,6,4,0,250,4,3,2,2,1,2,1,41,1,2,2,2,1,1,1,0,zixingche,GER
727,4,15,4,3,1316,3,3,2,4,1,2,2,47,3,2,2,2,1,1,1,0,zixingche,GER
728,1,18,2,3,1882,1,3,4,2,1,4,3,25,1,1,2,3,1,1,1,1,kache,CHN
729,2,48,1,9,6416,1,5,4,2,1,3,4,59,3,1,1,3,1,1,1,1,jiaoche,USA
730,3,24,4,9,1275,4,3,2,1,1,4,1,36,3,2,2,3,1,2,1,0,motuoche,GER
731,2,24,3,3,6403,1,2,1,3,1,2,3,33,3,2,1,3,1,1,1,0,jiaoche,JPN
732,1,24,2,3,1987,1,3,2,3,1,4,1,21,3,1,1,2,2,1,1,1,kache,CHN
733,2,8,2,3,760,1,4,4,2,3,2,1,44,3,2,1,2,1,1,1,0,jiaoche,CHN
734,4,24,2,1,2603,4,3,2,2,1,4,3,28,3,1,1,3,1,2,1,0,zixingche,CHN
735,4,4,4,0,3380,1,4,1,2,1,1,1,37,3,2,1,3,2,1,1,0,zixingche,GER
736,2,36,1,4,3990,5,2,3,2,1,2,4,29,1,2,1,1,1,1,1,0,jiaoche,USA
737,2,24,2,1,11560,1,3,1,2,1,4,3,23,3,1,2,4,1,1,1,1,jiaoche,CHN
738,1,18,2,0,4380,2,3,3,3,1,4,3,35,3,2,1,2,2,2,1,0,kache,CHN
739,4,6,4,0,6761,1,4,1,3,1,3,4,45,3,2,2,4,2,2,1,0,zixingche,GER
740,2,30,0,9,4280,2,3,4,2,1,4,3,26,3,1,2,2,1,1,1,1,jiaoche,KOR
741,1,24,1,0,2325,2,4,2,3,1,3,3,32,1,2,1,3,1,1,1,0,kache,USA
742,2,10,1,3,1048,1,3,4,3,1,4,1,23,2,2,1,2,1,1,1,0,jiaoche,USA
743,4,21,2,3,3160,5,5,4,3,1,3,2,41,3,2,1,3,1,2,1,0,zixingche,CHN
744,1,24,1,2,2483,3,3,4,3,1,4,1,22,2,2,1,3,1,2,1,0,kache,USA
745,1,39,4,2,14179,5,4,4,3,1,4,2,30,3,2,2,4,1,2,1,0,kache,GER
746,1,13,4,9,1797,1,2,3,3,1,1,2,28,1,2,2,2,1,1,1,0,kache,GER
747,1,15,2,0,2511,1,1,1,2,1,4,3,23,3,1,1,3,1,1,1,0,kache,CHN
748,1,12,2,0,1274,1,2,3,2,1,1,1,37,3,2,1,2,1,1,1,1,kache,CHN
749,4,21,2,1,5248,5,3,1,3,1,3,3,26,3,2,1,3,1,1,1,0,zixingche,CHN
750,4,15,2,1,3029,1,4,2,3,1,2,3,33,3,2,1,3,1,1,1,0,zixingche,CHN
751,1,6,2,2,428,1,5,2,2,1,1,2,49,1,2,1,3,1,2,1,0,kache,CHN
752,1,18,2,0,976,1,2,1,2,1,2,3,23,3,2,1,2,1,1,1,1,kache,CHN
753,2,12,2,9,841,2,4,2,2,1,4,1,23,3,1,1,2,1,1,1,0,jiaoche,CHN
754,4,30,4,3,5771,1,4,4,2,1,2,3,25,3,2,2,3,1,1,1,0,zixingche,GER
755,4,12,3,5,1555,4,5,4,3,1,4,4,55,3,3,2,3,2,1,1,1,zixingche,JPN
756,1,24,2,0,1285,5,4,4,2,1,4,4,32,3,1,1,3,1,1,1,1,kache,CHN
757,3,6,4,0,1299,1,3,1,3,1,1,1,74,3,2,3,1,2,1,2,0,motuoche,GER
758,3,15,4,3,1271,5,3,3,3,1,4,4,39,3,3,2,3,1,2,1,1,motuoche,GER
759,4,24,2,0,1393,1,3,2,3,3,2,1,31,3,2,1,3,1,2,1,0,zixingche,CHN
760,1,12,4,0,691,1,5,4,3,1,3,2,35,3,2,2,3,1,1,1,1,kache,GER
761,4,15,4,0,5045,5,5,1,2,1,4,3,59,3,2,1,3,1,2,1,0,zixingche,GER
762,1,18,4,2,2124,1,3,4,2,1,4,1,24,3,1,2,3,1,1,1,1,kache,GER
763,1,12,2,3,2214,1,3,4,3,1,3,2,24,3,2,1,2,1,1,1,0,kache,CHN
764,4,21,4,0,12680,5,5,4,3,1,4,4,30,3,3,1,4,1,2,1,1,zixingche,GER
765,4,24,4,0,2463,2,4,4,4,1,3,2,27,3,2,2,3,1,2,1,0,zixingche,GER
766,2,12,2,3,1155,1,5,3,4,3,3,1,40,1,2,2,2,1,1,1,0,jiaoche,CHN
767,1,30,2,2,3108,1,2,2,1,1,4,2,31,3,2,1,2,1,1,1,1,kache,CHN
768,4,10,2,1,2901,5,2,1,2,1,4,1,31,3,1,1,3,1,1,1,0,zixingche,CHN
769,2,12,4,2,3617,1,5,1,3,1,4,3,28,3,1,3,3,1,2,1,0,jiaoche,GER
770,4,12,4,3,1655,1,5,2,3,1,4,1,63,3,2,2,2,1,2,1,0,zixingche,GER
771,1,24,2,1,2812,5,5,2,2,1,4,1,26,3,1,1,3,1,1,1,0,kache,CHN
772,1,36,4,6,8065,1,3,3,2,1,2,4,25,3,2,2,4,1,2,1,1,kache,GER
773,4,21,4,1,3275,1,5,1,3,1,4,3,36,3,2,1,4,1,2,1,0,zixingche,GER
774,4,24,4,3,2223,2,5,4,3,1,4,2,52,1,2,2,3,1,1,1,0,zixingche,GER
775,3,12,4,0,1480,3,1,2,3,1,4,4,66,1,3,3,1,1,1,1,0,motuoche,GER
776,1,24,2,0,1371,5,3,4,2,1,4,1,25,3,1,1,3,1,1,1,1,kache,CHN
777,4,36,4,0,3535,1,4,4,3,1,4,3,37,3,2,2,3,1,2,1,0,zixingche,GER
778,1,18,2,3,3509,1,4,4,2,3,1,1,25,3,2,1,3,1,1,1,0,kache,CHN
779,4,36,4,1,5711,4,5,4,3,1,2,3,38,3,2,2,4,1,2,1,0,zixingche,GER
780,2,18,2,5,3872,1,1,2,2,1,4,3,67,3,2,1,3,1,2,1,0,jiaoche,CHN
781,2,39,4,3,4933,1,4,2,3,3,2,1,25,3,2,2,3,1,1,1,1,jiaoche,GER
782,4,24,4,0,1940,4,5,4,3,1,4,1,60,3,2,1,3,1,2,1,0,zixingche,GER
783,2,12,0,8,1410,1,3,2,3,1,2,1,31,3,2,1,2,1,2,1,0,jiaoche,KOR
784,2,12,2,0,836,2,2,4,2,1,2,2,23,1,2,1,2,1,1,1,1,jiaoche,CHN
785,2,20,2,1,6468,5,1,1,1,1,4,1,60,3,2,1,4,1,2,1,0,jiaoche,CHN
786,2,18,2,9,1941,4,3,4,3,1,2,2,35,3,2,1,2,1,2,1,0,jiaoche,CHN
787,4,22,2,3,2675,3,5,3,3,1,4,3,40,3,2,1,3,1,1,1,0,zixingche,CHN
788,4,48,4,1,2751,5,5,4,3,1,3,3,38,3,2,2,3,2,2,1,0,zixingche,GER
789,2,48,3,6,6224,1,5,4,3,1,4,4,50,3,3,1,3,1,1,1,1,jiaoche,JPN
790,1,40,4,6,5998,1,3,4,3,1,3,4,27,1,2,1,3,1,2,1,1,kache,GER
791,2,21,2,9,1188,1,5,2,2,1,4,2,39,3,2,1,3,2,1,1,1,jiaoche,CHN
792,4,24,2,1,6313,5,5,3,3,1,4,3,41,3,2,1,4,2,2,1,0,zixingche,CHN
793,4,6,4,2,1221,5,3,1,4,1,2,2,27,3,2,2,3,1,1,1,0,zixingche,GER
794,3,24,2,2,2892,1,5,3,1,1,4,4,51,3,3,1,3,1,1,1,0,motuoche,CHN
795,4,24,2,2,3062,3,5,4,3,1,3,4,32,3,1,1,3,1,2,1,0,zixingche,CHN
796,4,9,2,2,2301,2,2,2,2,1,4,2,22,3,1,1,3,1,1,1,0,zixingche,CHN
797,1,18,2,1,7511,5,5,1,3,1,4,2,51,3,3,1,3,2,2,1,1,kache,CHN
798,4,12,4,2,1258,1,2,2,2,1,4,2,22,3,1,2,2,1,1,1,0,zixingche,GER
799,4,24,3,0,717,5,5,4,4,1,4,3,54,3,2,2,3,1,2,1,0,zixingche,JPN
800,2,9,2,0,1549,5,2,4,3,1,2,1,35,3,2,1,1,1,1,1,0,jiaoche,CHN
801,4,24,4,6,1597,1,5,4,3,1,4,4,54,3,3,2,3,2,1,1,0,zixingche,GER
802,2,18,4,3,1795,1,5,3,2,3,4,1,48,1,1,2,2,1,2,1,0,jiaoche,GER
803,1,20,4,2,4272,1,5,1,2,1,4,2,24,3,2,2,3,1,1,1,0,kache,GER
804,4,12,4,3,976,5,5,4,3,1,4,3,35,3,2,2,3,1,1,1,0,zixingche,GER
805,2,12,2,0,7472,5,1,1,2,1,2,1,24,3,1,1,1,1,1,1,0,jiaoche,CHN
806,1,36,2,0,9271,1,4,2,3,1,1,3,24,3,2,1,3,1,2,1,1,kache,CHN
807,2,6,2,3,590,1,2,3,4,1,3,1,26,3,2,1,2,1,1,2,0,jiaoche,CHN
808,4,12,4,3,930,5,5,4,3,1,4,1,65,3,2,4,3,1,1,1,0,zixingche,GER
809,2,42,1,1,9283,1,1,1,3,1,2,4,55,1,3,1,4,1,2,1,0,jiaoche,USA
810,2,15,0,0,1778,1,2,2,2,1,1,1,26,3,1,2,1,1,1,1,1,jiaoche,KOR
811,2,8,2,9,907,1,2,3,4,1,2,1,26,3,2,1,3,1,2,1,0,jiaoche,CHN
812,2,6,2,3,484,1,4,3,4,3,3,1,28,1,2,1,2,1,1,1,0,jiaoche,CHN
813,1,36,4,1,9629,1,4,4,3,1,4,3,24,3,2,2,3,1,2,1,1,kache,GER
814,1,48,2,4,3051,1,3,3,3,1,4,3,54,3,2,1,3,1,1,1,1,kache,CHN
815,1,48,2,0,3931,1,4,4,3,1,4,4,46,3,3,1,3,2,1,1,1,kache,CHN
816,2,36,3,0,7432,1,3,2,2,1,2,2,54,3,1,1,3,1,1,1,0,jiaoche,JPN
817,4,6,2,4,1338,3,3,1,1,1,4,1,62,3,2,1,3,1,1,1,0,zixingche,CHN
818,4,6,4,3,1554,1,4,1,2,1,2,3,24,3,1,2,3,1,2,1,0,zixingche,GER
819,1,36,2,X,15857,1,1,2,1,2,3,3,43,3,2,1,4,1,1,1,0,kache,CHN
820,1,18,2,3,1345,1,3,4,4,1,3,1,26,1,2,1,3,1,1,1,1,kache,CHN
821,4,12,2,0,1101,1,3,3,4,1,2,1,27,3,2,2,3,1,2,1,0,zixingche,CHN
822,3,12,2,3,3016,1,3,3,4,1,1,3,24,3,2,1,3,1,1,1,0,motuoche,CHN
823,1,36,2,2,2712,1,5,2,3,1,2,2,41,1,2,1,3,2,1,1,1,kache,CHN
824,1,8,4,0,731,1,5,4,3,1,4,1,47,3,2,2,2,1,1,1,0,kache,GER
825,4,18,4,2,3780,1,2,3,1,1,2,3,35,3,2,2,4,1,2,1,0,zixingche,GER
826,1,21,4,0,1602,1,5,4,4,1,3,3,30,3,2,2,3,1,2,1,0,kache,GER
827,1,18,4,0,3966,1,5,1,2,1,4,1,33,1,1,3,3,1,2,1,1,kache,GER
828,4,18,0,9,4165,1,3,2,3,1,2,3,36,2,2,2,3,2,1,1,1,zixingche,KOR
829,1,36,2,1,8335,5,5,3,3,1,4,4,47,3,3,1,3,1,1,1,1,kache,CHN
830,2,48,3,9,6681,5,3,4,3,1,4,4,38,3,3,1,3,2,2,1,0,jiaoche,JPN
831,4,24,3,9,2375,3,3,4,3,1,2,3,44,3,2,2,3,2,2,1,0,zixingche,JPN
832,1,18,2,0,1216,1,2,4,2,1,3,3,23,3,1,1,3,1,2,1,1,kache,CHN
833,1,45,0,9,11816,1,5,2,3,1,4,3,29,3,1,2,3,1,1,1,1,kache,KOR
834,2,24,2,3,5084,5,5,2,2,1,4,3,42,3,2,1,3,1,2,1,0,jiaoche,CHN
835,3,15,2,3,2327,1,2,2,2,1,3,1,25,3,2,1,2,1,1,1,1,motuoche,CHN
836,1,12,0,0,1082,1,3,4,3,1,4,3,48,1,2,2,3,1,1,1,1,kache,KOR
837,4,12,2,3,886,5,3,4,2,1,2,3,21,3,2,1,3,1,1,1,0,zixingche,CHN
838,4,4,2,2,601,1,2,1,2,1,3,1,23,3,1,1,2,2,1,1,0,zixingche,CHN
839,1,24,4,1,2957,1,5,4,3,1,4,2,63,3,2,2,3,1,2,1,0,kache,GER
840,4,24,4,3,2611,1,5,4,4,2,3,1,46,3,2,2,3,1,1,1,0,zixingche,GER
841,1,36,2,2,5179,1,4,4,3,1,2,2,29,3,2,1,3,1,1,1,1,kache,CHN
842,4,21,3,1,2993,1,3,3,3,1,2,1,28,2,2,2,2,1,1,1,0,zixingche,JPN
843,4,18,2,5,1943,1,2,4,2,1,4,1,23,3,2,1,3,1,1,1,1,zixingche,CHN
844,4,24,1,9,1559,1,4,4,3,1,4,3,50,1,2,1,3,1,2,1,0,zixingche,USA
845,4,18,2,2,3422,1,5,4,3,1,4,2,47,1,2,3,3,2,2,1,0,zixingche,CHN
846,2,21,2,2,3976,5,4,2,3,1,3,3,35,3,2,1,3,1,2,1,0,jiaoche,CHN
847,4,18,2,0,6761,5,3,2,3,1,4,3,68,3,1,2,3,1,1,1,1,zixingche,CHN
848,4,24,2,0,1249,1,2,4,4,1,2,1,28,3,2,1,3,1,1,1,0,zixingche,CHN
849,1,9,2,3,1364,1,4,3,3,1,4,1,59,3,2,1,3,1,1,1,0,kache,CHN
850,1,12,2,3,709,1,5,4,3,1,4,1,57,2,2,1,2,1,1,1,1,kache,CHN
851,1,20,4,0,2235,1,3,4,4,3,2,2,33,1,1,2,3,1,1,2,1,kache,GER
852,4,24,4,1,4042,5,4,3,3,1,4,2,43,3,2,2,3,1,2,1,0,zixingche,GER
853,4,15,4,3,1471,1,3,4,3,1,4,4,35,3,3,2,3,1,2,1,0,zixingche,GER
854,1,18,1,0,1442,1,4,4,3,1,4,4,32,3,3,2,2,2,1,1,1,kache,USA
855,4,36,3,0,10875,1,5,2,3,1,2,3,45,3,2,2,3,2,2,1,0,zixingche,JPN
856,4,24,2,0,1474,2,2,4,4,1,3,1,33,3,2,1,3,1,2,1,0,zixingche,CHN
857,4,10,2,8,894,5,4,4,2,1,3,2,40,3,2,1,3,1,2,1,0,zixingche,CHN
858,4,15,4,2,3343,1,3,4,3,1,2,4,28,3,3,1,3,1,2,1,0,zixingche,GER
859,1,15,2,0,3959,1,3,3,2,1,2,2,29,3,2,1,3,1,2,1,1,kache,CHN
860,4,9,2,0,3577,2,3,1,3,3,2,1,26,3,1,1,3,2,1,2,0,zixingche,CHN
861,4,24,4,1,5804,4,3,4,3,1,2,1,27,3,2,2,3,1,1,1,0,zixingche,GER
862,4,18,3,9,2169,1,3,4,4,1,2,3,28,3,2,1,3,1,2,1,1,zixingche,JPN
863,1,24,2,3,2439,1,2,4,2,1,4,1,35,3,2,1,3,1,2,1,1,kache,CHN
864,4,27,4,2,4526,4,2,4,3,1,2,1,32,2,2,2,2,2,2,1,0,zixingche,GER
865,4,10,2,2,2210,1,3,2,3,1,2,1,25,1,1,1,2,1,1,1,1,zixingche,CHN
866,4,15,2,2,2221,3,3,2,2,1,4,3,20,3,1,1,3,1,1,1,0,zixingche,CHN
867,1,18,2,3,2389,1,2,4,2,1,1,3,27,2,2,1,3,1,1,1,0,kache,CHN
868,4,12,4,2,3331,1,5,2,3,1,4,2,42,2,2,1,3,1,1,1,0,zixingche,GER
869,4,36,2,9,7409,5,5,3,3,1,2,2,37,3,2,2,3,1,1,1,0,zixingche,CHN
870,1,12,2,2,652,1,5,4,2,1,4,2,24,3,1,1,3,1,1,1,0,kache,CHN
871,4,36,3,2,7678,3,4,2,2,1,4,3,40,3,2,2,3,1,2,1,0,zixingche,JPN
872,3,6,4,0,1343,1,5,1,3,1,4,1,46,3,2,2,3,2,1,2,0,motuoche,GER
873,1,24,4,9,1382,2,4,4,3,1,1,1,26,3,2,2,3,1,2,1,0,kache,GER
874,4,15,2,4,874,5,2,4,2,1,1,1,24,3,2,1,3,1,1,1,0,zixingche,CHN
875,1,12,2,2,3590,1,3,2,3,2,2,2,29,3,2,1,2,2,1,1,0,kache,CHN
876,2,11,4,0,1322,4,3,4,2,1,4,3,40,3,2,2,3,1,1,1,0,jiaoche,GER
877,1,18,1,3,1940,1,2,3,3,2,4,4,36,1,3,1,4,1,2,1,0,kache,USA
878,4,36,2,3,3595,1,5,4,3,1,2,3,28,3,2,1,3,1,1,1,0,zixingche,CHN
879,1,9,2,0,1422,1,2,3,3,1,2,4,27,3,3,1,4,1,2,1,1,kache,CHN
880,4,30,4,3,6742,5,4,2,3,1,3,2,36,3,2,2,3,1,1,1,0,zixingche,GER
881,4,24,2,1,7814,1,4,3,3,1,3,3,38,3,2,1,4,1,2,1,0,zixingche,CHN
882,4,24,2,1,9277,5,3,2,1,1,4,4,48,3,3,1,3,1,2,1,0,zixingche,CHN
883,2,30,4,0,2181,5,5,4,3,1,4,1,36,3,2,2,3,1,1,1,0,jiaoche,GER
884,4,18,4,3,1098,1,1,4,2,1,4,3,65,3,2,2,1,1,1,1,0,zixingche,GER
885,2,24,2,2,4057,1,4,3,1,1,3,3,43,3,2,1,3,1,2,1,1,jiaoche,CHN
886,1,12,2,6,795,1,2,4,2,1,4,2,53,3,2,1,3,1,1,1,1,kache,CHN
887,2,24,4,9,2825,5,4,4,3,1,3,4,34,3,2,2,3,2,2,1,0,jiaoche,GER
888,2,48,2,9,15672,1,3,2,3,1,2,3,23,3,2,1,3,1,2,1,1,jiaoche,CHN
889,4,36,4,0,6614,1,5,4,3,1,4,3,34,3,2,2,4,1,2,1,0,zixingche,GER
890,4,28,1,1,7824,5,2,3,3,3,4,1,40,1,1,2,3,2,2,1,0,zixingche,USA
891,1,27,4,9,2442,1,5,4,3,1,4,3,43,2,2,4,4,2,2,1,0,kache,GER
892,4,15,4,3,1829,1,5,4,3,1,4,3,46,3,2,2,3,1,2,1,0,zixingche,GER
893,1,12,4,0,2171,1,3,4,3,1,4,2,38,1,2,2,2,1,1,2,0,kache,GER
894,2,36,4,1,5800,1,3,3,3,1,4,3,34,3,2,2,3,1,2,1,0,jiaoche,GER
895,4,18,4,3,1169,5,3,4,3,1,3,2,29,3,2,2,3,1,2,1,0,zixingche,GER
896,4,36,3,1,8947,5,4,3,3,1,2,3,31,2,2,1,4,2,2,1,0,zixingche,JPN
897,1,21,2,3,2606,1,2,4,2,1,4,2,28,3,1,1,4,1,2,1,0,kache,CHN
898,4,12,4,2,1592,4,4,3,2,1,2,2,35,3,2,1,3,1,1,2,0,zixingche,GER
899,4,15,2,2,2186,5,4,1,2,1,4,1,33,1,1,1,2,1,1,1,0,zixingche,CHN
900,1,18,2,2,4153,1,3,2,3,2,3,3,42,3,2,1,3,1,1,1,1,kache,CHN
901,1,16,4,0,2625,1,5,2,3,3,4,2,43,1,1,1,3,1,2,1,1,kache,GER
902,4,20,4,0,3485,5,2,2,1,1,4,1,44,3,2,2,3,1,2,1,0,zixingche,GER
903,4,36,4,1,10477,5,5,2,3,1,4,4,42,3,3,2,3,1,1,1,0,zixingche,GER
904,4,15,2,3,1386,5,3,4,4,1,2,1,40,3,1,1,3,1,2,1,0,zixingche,CHN
905,4,24,2,3,1278,1,5,4,3,1,1,1,36,3,2,1,4,1,2,1,0,zixingche,CHN
906,1,12,2,3,1107,1,3,2,3,1,2,1,20,3,1,1,4,2,2,1,0,kache,CHN
907,1,21,2,0,3763,5,4,2,3,2,2,1,24,3,2,1,2,1,1,2,0,kache,CHN
908,2,36,2,6,3711,5,3,2,4,1,2,3,27,3,2,1,3,1,1,1,0,jiaoche,CHN
909,4,15,3,1,3594,1,2,1,2,1,2,2,46,3,2,2,2,1,1,1,0,zixingche,JPN
910,2,9,2,0,3195,5,3,1,2,1,2,1,33,3,2,1,2,1,1,1,0,jiaoche,CHN
911,4,36,3,3,4454,1,3,4,2,1,4,1,34,3,2,2,3,1,1,1,0,zixingche,JPN
912,2,24,4,2,4736,1,2,2,2,1,4,3,25,1,2,1,2,1,1,1,1,jiaoche,GER
913,2,30,2,3,2991,5,5,2,2,1,4,3,25,3,2,1,3,1,1,1,0,jiaoche,CHN
914,4,11,2,9,2142,4,5,1,1,1,2,1,28,3,2,1,3,1,2,1,0,zixingche,CHN
915,1,24,1,9,3161,1,3,4,3,1,2,2,31,3,1,1,3,1,2,1,1,kache,USA
916,2,48,0,X,18424,1,3,1,2,1,2,2,32,1,2,1,4,1,2,2,1,jiaoche,KOR
917,4,10,2,1,2848,2,3,1,3,2,2,1,32,3,2,1,3,2,1,1,0,zixingche,CHN
918,1,6,2,0,14896,1,5,1,3,1,4,4,68,1,2,1,4,1,2,1,1,kache,CHN
919,1,24,2,2,2359,2,1,1,1,1,1,2,33,3,2,1,3,1,1,1,1,kache,CHN
920,1,24,2,2,3345,1,5,4,3,1,2,2,39,3,1,1,4,1,2,1,1,kache,CHN
921,4,18,4,2,1817,1,3,4,2,1,2,4,28,3,2,2,3,1,1,1,0,zixingche,GER
922,4,48,3,3,12749,3,4,4,3,1,1,3,37,3,2,1,4,1,2,1,0,zixingche,JPN
923,1,9,2,3,1366,1,2,3,2,1,4,2,22,3,1,1,3,1,1,1,1,kache,CHN
924,2,12,2,0,2002,1,4,3,3,1,4,2,30,3,1,1,3,2,2,1,0,jiaoche,CHN
925,1,24,1,2,6872,1,2,2,1,1,1,2,55,1,2,1,3,1,2,1,1,kache,USA
926,1,12,1,0,697,1,2,4,3,1,2,3,46,1,2,2,3,1,2,1,1,kache,USA
927,1,18,4,2,1049,1,2,4,2,1,4,2,21,3,1,1,3,1,1,1,0,kache,GER
928,1,48,2,1,10297,1,4,4,3,1,4,4,39,2,3,3,3,2,2,1,1,kache,CHN
929,4,30,2,3,1867,5,5,4,3,1,4,3,58,3,2,1,3,1,2,1,0,zixingche,CHN
930,1,12,3,0,1344,1,3,4,3,1,2,1,43,3,2,2,2,2,1,1,0,kache,JPN
931,1,24,2,2,1747,1,2,4,3,2,1,2,24,3,2,1,2,1,1,2,0,kache,CHN
932,2,9,2,3,1670,1,2,4,2,1,2,3,22,3,2,1,3,1,2,1,1,jiaoche,CHN
933,4,9,4,0,1224,1,3,3,3,1,1,1,30,3,2,2,3,1,1,1,0,zixingche,GER
934,4,12,4,3,522,3,5,4,3,1,4,2,42,3,2,2,3,2,2,1,0,zixingche,GER
935,1,12,2,3,1498,1,3,4,2,1,1,3,23,1,2,1,3,1,1,1,0,kache,CHN
936,2,30,3,3,1919,2,2,4,3,1,3,4,30,2,2,2,4,1,1,1,1,jiaoche,JPN
937,3,9,2,3,745,1,3,3,2,1,2,1,28,3,2,1,2,1,1,1,1,motuoche,CHN
938,2,6,2,3,2063,1,2,4,4,1,3,3,30,3,1,1,4,1,2,1,0,jiaoche,CHN
939,2,60,2,6,6288,1,3,4,3,1,4,4,42,3,3,1,3,1,1,1,1,jiaoche,CHN
940,4,24,4,1,6842,5,3,2,3,1,4,2,46,3,2,2,4,2,2,1,0,zixingche,GER
941,4,12,2,0,3527,5,2,2,3,1,3,2,45,3,2,1,4,2,2,1,0,zixingche,CHN
942,4,10,2,0,1546,1,3,3,3,1,2,1,31,3,2,1,2,2,1,2,0,zixingche,CHN
943,4,24,2,2,929,5,4,4,3,1,2,3,31,2,2,1,3,1,2,1,0,zixingche,CHN
944,4,4,4,0,1455,1,4,2,3,1,1,1,42,3,2,3,2,2,1,1,0,zixingche,GER
945,1,15,2,2,1845,1,2,4,2,3,1,2,46,3,1,1,3,1,1,1,0,kache,CHN
946,2,48,0,0,8358,3,2,1,2,1,1,3,30,3,2,2,3,1,1,1,0,jiaoche,KOR
947,1,24,1,2,3349,3,2,4,3,1,4,4,30,3,3,1,3,2,2,1,1,kache,USA
948,4,12,2,0,2859,5,1,4,3,1,4,4,38,3,2,1,4,1,2,1,0,zixingche,CHN
949,4,18,2,2,1533,1,2,4,4,2,1,2,43,3,2,1,2,2,1,1,1,zixingche,CHN
950,4,24,2,3,3621,2,5,2,3,1,4,3,31,3,2,2,3,1,1,1,1,zixingche,CHN
951,2,18,4,9,3590,1,1,3,4,1,3,3,40,3,2,3,1,2,2,1,0,jiaoche,GER
952,1,36,3,9,2145,1,4,2,3,1,1,3,24,3,2,2,3,1,2,1,1,kache,JPN
953,2,24,2,1,4113,3,2,3,2,1,4,3,28,3,1,1,3,1,1,1,1,jiaoche,CHN
954,4,36,2,2,10974,1,1,4,2,1,2,3,26,3,2,2,4,1,2,1,1,zixingche,CHN
955,1,12,2,0,1893,1,3,4,2,3,4,2,29,3,2,1,3,1,2,1,0,kache,CHN
956,1,24,4,3,1231,4,5,4,2,1,4,2,57,3,1,2,4,1,2,1,0,kache,GER
957,3,30,4,3,3656,5,5,4,3,1,4,2,49,2,2,2,2,1,1,1,0,motuoche,GER
958,2,9,4,3,1154,1,5,2,3,1,4,1,37,3,2,3,2,1,1,1,0,jiaoche,GER
959,1,28,2,0,4006,1,3,3,3,1,2,3,45,3,2,1,2,1,1,1,1,kache,CHN
960,2,24,2,2,3069,2,5,4,3,1,4,4,30,3,3,1,3,1,1,1,0,jiaoche,CHN
961,4,6,4,3,1740,1,5,2,4,1,2,1,30,3,1,2,3,1,1,1,0,zixingche,GER
962,2,21,3,0,2353,1,3,1,1,1,4,2,47,3,2,2,3,1,1,1,0,jiaoche,JPN
963,4,15,2,0,3556,5,3,3,3,1,2,4,29,3,2,1,3,1,1,1,0,zixingche,CHN
964,4,24,2,3,2397,3,5,3,3,1,2,3,35,1,2,2,3,1,2,1,1,zixingche,CHN
965,2,6,2,5,454,1,2,3,4,1,1,2,22,3,2,1,2,1,1,1,0,jiaoche,CHN
966,2,30,2,3,1715,5,3,4,2,1,1,3,26,3,2,1,3,1,1,1,0,jiaoche,CHN
967,2,27,4,3,2520,3,3,4,3,1,2,2,23,3,2,2,2,1,1,1,1,jiaoche,GER
968,4,15,2,3,3568,1,5,4,2,1,2,3,54,1,1,1,4,1,2,1,0,zixingche,CHN
969,4,42,2,3,7166,5,4,2,4,1,4,2,29,3,1,1,3,1,2,1,0,zixingche,CHN
970,1,11,4,0,3939,1,3,1,3,1,2,1,40,3,2,2,2,2,1,1,0,kache,GER
971,2,15,2,5,1514,2,3,4,3,3,2,1,22,3,2,1,3,1,1,1,0,jiaoche,CHN
972,4,24,2,0,7393,1,3,1,3,1,4,2,43,3,2,1,2,2,1,1,0,zixingche,CHN
973,1,24,1,0,1193,1,1,1,2,2,4,4,29,3,1,2,1,1,1,1,1,kache,USA
974,1,60,2,9,7297,1,5,4,3,2,4,4,36,3,1,1,3,1,1,1,1,kache,CHN
975,4,30,4,3,2831,1,3,4,2,1,2,3,33,3,2,1,3,1,2,1,0,zixingche,GER
976,3,24,2,3,1258,3,3,3,2,1,3,3,57,3,2,1,2,1,1,1,0,motuoche,CHN
977,2,6,2,3,753,1,3,2,2,3,3,1,64,3,2,1,3,1,1,1,0,jiaoche,CHN
978,2,18,3,9,2427,5,5,4,3,1,2,2,42,3,2,2,3,1,1,1,0,jiaoche,JPN
979,4,24,3,0,2538,1,5,4,3,1,4,3,47,3,2,2,2,2,1,1,1,zixingche,JPN
980,2,15,1,0,1264,2,3,2,4,1,2,2,25,3,1,1,3,1,1,1,1,jiaoche,USA
981,2,30,4,2,8386,1,4,2,3,1,2,2,49,3,2,1,3,1,1,1,1,jiaoche,GER
982,4,48,2,9,4844,1,1,3,3,1,2,3,33,1,1,1,4,1,2,1,1,zixingche,CHN
983,3,21,2,0,2923,2,3,1,2,1,1,3,28,1,2,1,4,1,2,1,0,motuoche,CHN
984,1,36,2,1,8229,1,3,2,3,1,2,2,26,3,2,1,3,2,1,1,1,kache,CHN
985,4,24,4,2,2028,1,4,2,3,1,2,2,30,3,2,2,2,1,1,1,0,zixingche,GER
986,1,15,4,2,1433,1,3,4,2,1,3,2,25,3,1,2,3,1,1,1,0,kache,GER
987,3,42,0,9,6289,1,2,2,1,1,1,2,33,3,2,2,3,1,1,1,0,motuoche,KOR
988,4,13,2,3,1409,2,1,2,2,1,4,1,64,3,2,1,3,1,1,1,0,zixingche,CHN
989,1,24,2,1,6579,1,1,4,3,1,2,4,29,3,3,1,4,1,2,1,0,kache,CHN
990,2,24,4,3,1743,1,5,4,3,1,2,2,48,3,2,2,2,1,1,1,0,jiaoche,GER
991,4,12,4,6,3565,5,2,2,3,1,1,2,37,3,2,2,2,2,1,1,0,zixingche,GER
992,4,15,1,3,1569,2,5,4,3,1,4,3,34,1,2,1,2,2,1,1,0,zixingche,USA
993,1,18,2,3,1936,5,4,2,4,1,4,3,23,3,1,2,2,1,1,1,0,kache,CHN
994,1,36,2,2,3959,1,1,4,3,1,3,2,30,3,2,1,4,1,2,1,0,kache,CHN
995,4,12,2,0,2390,5,5,4,3,1,3,3,50,3,2,1,3,1,2,1,0,zixingche,CHN
996,4,12,2,2,1736,1,4,3,2,1,4,1,31,3,2,1,2,1,1,1,0,zixingche,CHN
997,1,30,2,1,3857,1,3,4,1,1,4,2,40,3,2,1,4,1,2,1,0,kache,CHN
998,4,12,2,3,804,1,5,4,3,1,4,3,38,3,2,1,3,1,1,1,0,zixingche,CHN
999,1,45,2,3,1845,1,3,4,3,1,4,4,23,3,3,1,3,1,2,1,1,kache,CHN
1000,2,45,4,1,4576,2,1,3,3,1,4,3,27,3,2,1,3,1,1,1,0,jiaoche,GER